source_group,priority,priority_area,facts,statuses,source_url,subjects,refs
S001,1,"UCAS Medicine deadlines",7,"VERIFY-ON-PAGE 7",https://www.ucas.com/undergraduate/applying-university/ucas-undergraduate-when-apply,"UCAS 2027 entry","topic:ucas-2027:applications_open:2027 topic:ucas-2027:submission_opens:2027 topic:ucas-2027:deadline_medicine:2027 topic:ucas-2027:deadline_main:2027 topic:ucas-2027:extra_opens:2027 topic:ucas-2027:clearing_opens:2027 topic:ucas-2027:final_date:2027"
S002,2,"UCAT dates and rules",7,"VERIFY-ON-PAGE 6; NOT_FOUND 1",https://www.ucat.ac.uk/ucat/dates-and-fees/,"UCAT 2026 (for 2027 entry)","topic:ucat-2026:registration_window:2027 topic:ucat-2026:booking_opens:2027 topic:ucat-2026:testing_window:2027 topic:ucat-2026:results_to_universities:2027 topic:ucat-2026:booking_deadline:2027 topic:ucat-2026:access_arrangements_deadline:2027 topic:ucat-2026:results_to_candidates:2027"
S003,2,"UCAT dates and rules",1,"NOT_FOUND 1",https://www.ucat.ac.uk/ucat/registration-booking/test-centres/,"UCAT 2026 (for 2027 entry)",topic:ucat-2026:test_centres_nigeria:2027
S004,2,"UCAT dates and rules",2,"NOT_FOUND 2",https://www.ucat.ac.uk/ucat/registration-booking/test-fees-bursaries/,"UCAT 2026 (for 2027 entry)","topic:ucat-2026:fee_uk_gbp:2027 topic:ucat-2026:fee_international_gbp:2027"
S005,2,"UCAT dates and rules",2,"NOT_FOUND 1; VERIFY-ON-PAGE 1",https://www.ucat.ac.uk/ucat/test-format/,"UCAT 2026 (for 2027 entry)","topic:ucat-2026:subtests:2027 topic:ucat-2026:structure:2027"
S006,3,"GMC status and registration",1,"VERIFY-ON-PAGE 1",https://foundationprogramme.nhs.uk/,"GMC registration and Foundation training",topic:gmc-registration:foundation_eligibility:2027
S007,3,"GMC status and registration",1,"VERIFY-ON-PAGE 1",https://www.aston.ac.uk/latest-news/aston-medical-school-given-full-approval-general-medical-council,"Aston University",university:aston:gmc_status
S008,3,"GMC status and registration",40,"VERIFY-ON-PAGE 40",https://www.gmc-uk.org/education/how-we-quality-assure-education-and-training/approving-education-and-training/institutions-awarding-uk-medical-degrees/list-of-awarding-bodies-and-new-schools,"Anglia Ruskin University; Queen Mary University of London; University of Birmingham; Brighton and Sussex Medical School; University of Bristol; University of Buckingham; University of Cambridge; Edge Hill University; University of East Anglia; University of Exeter; Hull York Medical School; Imperial College London; Keele University; Kent and Medway Medical School; Lancaster University; University of Leeds; University of Leicester; University of Liverpool; University of Manchester; Newcastle University; University of Nottingham; University of Oxford; University of Plymouth; University of Sheffield; University of Southampton; City St George's, University of London; University of Sunderland; University College London; University of Lancashire; University of Warwick; University of Aberdeen; University of Dundee; University of Edinburgh; University of Glasgow; ScotGEM (St Andrews and Dundee); Cardiff University; Swansea University; Queen's University Belfast; Ulster University","university:anglia-ruskin:gmc_status university:queen-mary-london:gmc_status university:birmingham:gmc_status university:brighton-sussex:gmc_status university:bristol:gmc_status university:buckingham:gmc_status university:cambridge:gmc_status university:edge-hill:gmc_status university:east-anglia:gmc_status university:exeter:gmc_status university:hull-york:gmc_status university:imperial:gmc_status university:keele:gmc_status university:kent-medway:gmc_status university:lancaster:gmc_status university:leeds:gmc_status university:leicester:gmc_status university:liverpool:gmc_status university:manchester:gmc_status university:newcastle:gmc_status university:nottingham:gmc_status university:oxford:gmc_status university:plymouth:gmc_status university:sheffield:gmc_status university:southampton:gmc_status university:st-georges-london:gmc_status university:sunderland:gmc_status university:ucl:gmc_status university:lancashire:gmc_status university:warwick:gmc_status university:aberdeen:gmc_status university:dundee:gmc_status university:edinburgh:gmc_status university:glasgow:gmc_status university:scotgem:gmc_status course:scotgem/medicine:graduate_entry_course university:cardiff:gmc_status university:swansea:gmc_status university:queens-belfast:gmc_status university:ulster:gmc_status"
S009,3,"GMC status and registration",13,"VERIFY-ON-PAGE 13",https://www.gmc-uk.org/education/how-we-quality-assure-education-and-training/approving-education-and-training/institutions-awarding-uk-medical-degrees/new-schools-and-programmes-under-review,"Brunel University of London; University of Chester; King's College London; University of Lincoln; University of Greater Manchester; University of Worcester; Pears Cumbria School of Medicine; University of Hertfordshire; University of Surrey; St Mary's University, Twickenham; University of St Andrews; Bangor University","university:brunel:gmc_status university:chester:gmc_status university:kings-college-london:gmc_status course:kings-college-london/a100:graduate_entry_course university:lincoln:gmc_status university:greater-manchester:gmc_status university:worcester:gmc_status university:pears-cumbria:gmc_status university:hertfordshire:gmc_status university:surrey:gmc_status university:st-marys-twickenham:gmc_status university:st-andrews:gmc_status university:bangor:gmc_status"
S010,3,"GMC status and registration",1,"VERIFY-ON-PAGE 1",https://www.gmc-uk.org/education/medical-licensing-assessment,"GMC registration and Foundation training",topic:gmc-registration:mla:2027
S011,3,"GMC status and registration",1,"VERIFY-ON-PAGE 1",https://www.gmc-uk.org/registration-and-licensing/join-the-register/provisional-registration,"GMC registration and Foundation training",topic:gmc-registration:provisional_registration:2027
S012,3,"GMC status and registration",1,"VERIFY-ON-PAGE 1",https://www.gov.uk/health-care-worker-visa,"GMC registration and Foundation training",topic:gmc-registration:f1_visa_route:2027
S013,3,"GMC status and registration",1,"VERIFY-ON-PAGE 1",https://www.legislation.gov.uk/ukpga/2026/7,"GMC registration and Foundation training",topic:gmc-registration:prioritisation_act:2027
S014,4,"Medical school eligibility",9,"VERIFY-ON-PAGE 5; NOT_FOUND 4",https://courses.leeds.ac.uk/5580/medicine-and-surgery-mbchb,"University of Leeds","university:leeds:international_accepted university:leeds:international_places course:leeds/a100 (also i900 gateway year to medicine):international_fee_gbp:2027/28 course:leeds/a100 (also i900 gateway year to medicine):clinical_years_fee_differs:2027/28 university:leeds:a_level_requirement:2027 entry university:leeds:gem_international:2027 entry university:leeds:english_requirement:2027 entry university:leeds:international_places_open:2027 entry university:leeds:source_1"
S015,4,"Medical school eligibility",7,"VERIFY-ON-PAGE 3; NOT_FOUND 4",https://kmms.ac.uk/entry-requirements-2027/,"Kent and Medway Medical School","university:kent-medway:international_accepted course:kent-medway/a100 (institution code k31):admissions_test university:kent-medway:a_level_requirement:2027 entry university:kent-medway:gem_international:2027 entry university:kent-medway:english_requirement:2027 entry university:kent-medway:international_places_open:2027 entry university:kent-medway:source_1"
S016,4,"Medical school eligibility",6,"VERIFY-ON-PAGE 5; NOT_FOUND 1",https://le.ac.uk/study/medicine/entry-requirements/international,"University of Leicester","university:leicester:waec_neco_statement:2027 entry university:leicester:a_level_requirement:2027 entry university:leicester:gem_international:2027 entry university:leicester:english_requirement:2027 entry university:leicester:international_places_open:2027 entry university:leicester:source_1"
S017,4,"Medical school eligibility",8,"VERIFY-ON-PAGE 3; NOT_FOUND 5",https://medicine.greatermanchester.ac.uk/medicine-mbchb-2026-academic-requirements/,"University of Greater Manchester","course:greater-manchester/medicine:interview_format course:greater-manchester/medicine:intake_month university:greater-manchester:a_level_requirement:2027 entry university:greater-manchester:gem_international:2027 entry university:greater-manchester:english_requirement:2027 entry university:greater-manchester:foundation_route:2027 entry university:greater-manchester:international_places_open:2027 entry university:greater-manchester:source_1"
S018,4,"Medical school eligibility",3,"VERIFY-ON-PAGE 3",https://medicine.greatermanchester.ac.uk/undergraduate-medical-school/,"University of Greater Manchester","university:greater-manchester:international_accepted course:greater-manchester/medicine:admissions_test university:greater-manchester:source_2"
S019,4,"Medical school eligibility",6,"VERIFY-ON-PAGE 6",https://medvle.buckingham.ac.uk/course/section.php?id=10,"University of Buckingham","university:buckingham:a_level_requirement:2027 entry university:buckingham:gem_international:2027 entry university:buckingham:english_requirement:2027 entry university:buckingham:foundation_route:2027 entry university:buckingham:international_places_open:2027 entry university:buckingham:source_1"
S020,4,"Medical school eligibility",6,"NOT_FOUND 5; VERIFY-ON-PAGE 1",https://sheffield.ac.uk/international/entry-requirements/nigeria,"University of Sheffield","university:sheffield:waec_neco_statement:2027 entry university:sheffield:a_level_requirement:2027 entry university:sheffield:gem_international:2027 entry university:sheffield:english_requirement:2027 entry university:sheffield:international_places_open:2027 entry university:sheffield:source_1"
S021,4,"Medical school eligibility",7,"VERIFY-ON-PAGE 6; NOT_FOUND 1",https://www.abdn.ac.uk/study/international/inmycountry/nigeria/entry/,"University of Aberdeen","university:aberdeen:waec_neco_statement:2027 entry university:aberdeen:a_level_requirement:2027 entry university:aberdeen:gem_international:2027 entry university:aberdeen:english_requirement:2027 entry university:aberdeen:foundation_route:2027 entry university:aberdeen:international_places_open:2027 entry university:aberdeen:source_1"
S022,4,"Medical school eligibility",4,"VERIFY-ON-PAGE 4",https://www.aston.ac.uk/hls/aston-medical-school/advice-zone/faq,"Aston University","university:aston:international_accepted university:aston:international_places course:aston/a100:admissions_test course:aston/a100:interview_format"
S023,4,"Medical school eligibility",7,"VERIFY-ON-PAGE 7",https://www.aston.ac.uk/international/aston-in-your-country/africa/nigeria,"Aston University","university:aston:waec_neco_statement:2027 entry university:aston:a_level_requirement:2027 entry university:aston:gem_international:2027 entry university:aston:english_requirement:2027 entry university:aston:foundation_route:2027 entry university:aston:international_places_open:2027 entry university:aston:source_1"
S024,4,"Medical school eligibility",10,"VERIFY-ON-PAGE 8; NOT_FOUND 2",https://www.birmingham.ac.uk/about/college-of-medicine-and-health/birmingham-medical-school/applying-to-medicine/entry-requirements-medicine-and-surgery-five-year,"University of Birmingham","university:birmingham:international_accepted university:birmingham:international_places course:birmingham/a100:course_length_years university:birmingham:waec_neco_statement:2027 entry university:birmingham:a_level_requirement:2027 entry university:birmingham:gem_international:2027 entry university:birmingham:english_requirement:2027 entry university:birmingham:foundation_route:2027 entry university:birmingham:international_places_open:2027 entry university:birmingham:source_1"
S025,4,"Medical school eligibility",3,"VERIFY-ON-PAGE 3",https://www.bristol.ac.uk/study/media/undergraduate/admissions-statements/2027/medicine.pdf,"University of Bristol","university:bristol:international_accepted university:bristol:international_places course:bristol/a100:ucas_code"
S026,4,"Medical school eligibility",7,"NOT_FOUND 6; VERIFY-ON-PAGE 1",https://www.brunel.ac.uk/brunel-medical-school/documents/pdf/MBBS-international-entry-requirements-2025-entry-approved.pdf,"Brunel University of London","university:brunel:waec_neco_statement:2027 entry university:brunel:a_level_requirement:2027 entry university:brunel:gem_international:2027 entry university:brunel:english_requirement:2027 entry university:brunel:foundation_route:2027 entry university:brunel:international_places_open:2027 entry university:brunel:source_1"
S027,4,"Medical school eligibility",4,"VERIFY-ON-PAGE 4",https://www.brunel.ac.uk/study/courses/medicine-mbbs,"Brunel University of London","university:brunel:international_accepted course:brunel/a100 (institution code b84):application_route course:brunel/a100 (institution code b84):international_fee_gbp:2026/27 university:brunel:source_2"
S028,4,"Medical school eligibility",4,"VERIFY-ON-PAGE 4",https://www.bsms.ac.uk/undergraduate/applying-to-bsms/admissions-process.aspx,"Brighton and Sussex Medical School","university:brighton-sussex:international_places course:brighton-sussex/a100:admissions_test course:brighton-sussex/a100:interview_format course:brighton-sussex/a100:application_route"
S029,4,"Medical school eligibility",1,"VERIFY-ON-PAGE 1",https://www.bsms.ac.uk/undergraduate/applying-to-bsms/entry-requirements.aspx,"Brighton and Sussex Medical School",university:brighton-sussex:international_accepted
S030,4,"Medical school eligibility",7,"VERIFY-ON-PAGE 6; NOT_FOUND 1",https://www.cardiff.ac.uk/study/international/your-country/africa/nigeria/entry-requirements,"Cardiff University","university:cardiff:waec_neco_statement:2027 entry university:cardiff:a_level_requirement:2027 entry university:cardiff:gem_international:2027 entry university:cardiff:english_requirement:2027 entry university:cardiff:foundation_route:2027 entry university:cardiff:international_places_open:2027 entry university:cardiff:source_1"
S031,4,"Medical school eligibility",3,"VERIFY-ON-PAGE 3",https://www.cardiff.ac.uk/study/undergraduate/courses/course/medicine-mbbch,"Cardiff University","university:cardiff:international_accepted course:cardiff/a100:application_route university:cardiff:source_3"
S032,4,"Medical school eligibility",5,"VERIFY-ON-PAGE 5",https://www.chester.ac.uk/international/how-to-apply/applying-for-graduate-entry-medicine/,"University of Chester","university:chester:international_accepted course:chester/a101:course_length_years course:chester/a101:admissions_test course:chester/a101:application_route university:chester:source_2"
S033,4,"Medical school eligibility",7,"VERIFY-ON-PAGE 7",https://www.chester.ac.uk/study/course-search/graduate-entry-medicine-mbchb/,"University of Chester","university:chester:waec_neco_statement:2027 entry university:chester:a_level_requirement:2027 entry university:chester:gem_international:2027 entry university:chester:english_requirement:2027 entry university:chester:foundation_route:2027 entry university:chester:international_places_open:2027 entry university:chester:source_1"
S034,4,"Medical school eligibility",7,"VERIFY-ON-PAGE 6; NOT_FOUND 1",https://www.ed.ac.uk/studying/international/country/africa/nigeria,"University of Edinburgh","university:edinburgh:waec_neco_statement:2027 entry university:edinburgh:a_level_requirement:2027 entry university:edinburgh:gem_international:2027 entry university:edinburgh:english_requirement:2027 entry university:edinburgh:foundation_route:2027 entry university:edinburgh:international_places_open:2027 entry university:edinburgh:source_1"
S035,4,"Medical school eligibility",5,"NOT_FOUND 4; VERIFY-ON-PAGE 1",https://www.exeter.ac.uk/undergraduate-degrees/bmbs-medicine/faqs/,"University of Exeter","university:exeter:a_level_requirement:2027 entry university:exeter:gem_international:2027 entry university:exeter:english_requirement:2027 entry university:exeter:international_places_open:2027 entry university:exeter:source_1"
S036,4,"Medical school eligibility",5,"VERIFY-ON-PAGE 5",https://www.exeter.ac.uk/v8media/recruitmentsites/documents/BMBS_Admissions_Policy_2026_(V4).pdf,"University of Exeter","university:exeter:international_accepted university:exeter:international_places course:exeter/a100:admissions_test course:exeter/a100:interview_format university:exeter:source_2"
S037,4,"Medical school eligibility",7,"NOT_FOUND 6; VERIFY-ON-PAGE 1",https://www.gla.ac.uk/schools/medicine/mus/admissions/internationalentryrequirements/,"University of Glasgow","university:glasgow:waec_neco_statement:2027 entry university:glasgow:a_level_requirement:2027 entry university:glasgow:gem_international:2027 entry university:glasgow:english_requirement:2027 entry university:glasgow:foundation_route:2027 entry university:glasgow:international_places_open:2027 entry university:glasgow:source_1"
S038,4,"Medical school eligibility",4,"VERIFY-ON-PAGE 4",https://www.hyms.ac.uk/medicine/applying/selection-procedure,"Hull York Medical School","university:hull-york:international_places course:hull-york/a100:admissions_test course:hull-york/a100:interview_format course:hull-york/a100:application_route"
S039,4,"Medical school eligibility",2,"VERIFY-ON-PAGE 2",https://www.hyms.ac.uk/medicine/international-students,"Hull York Medical School","university:hull-york:international_accepted university:hull-york:english_language_requirement"
S040,4,"Medical school eligibility",5,"VERIFY-ON-PAGE 5",https://www.imperial.ac.uk/media/imperial-college/medicine/study/undergraduate/A100-FOI-FAQs-2026--v2.pdf,"Imperial College London","university:imperial:international_accepted university:imperial:international_places course:imperial/a100:ucas_code course:imperial/a100:admissions_test course:imperial/a100:interview_format"
S041,4,"Medical school eligibility",6,"VERIFY-ON-PAGE 2; NOT_FOUND 4",https://www.imperial.ac.uk/study/courses/undergraduate/medicine/,"Imperial College London","course:imperial/a100:application_route university:imperial:a_level_requirement:2027 entry university:imperial:gem_international:2027 entry university:imperial:english_requirement:2027 entry university:imperial:international_places_open:2027 entry university:imperial:source_1"
S042,4,"Medical school eligibility",6,"NOT_FOUND 5; VERIFY-ON-PAGE 1",https://www.kcl.ac.uk/study/undergraduate/courses/medicine-mbbs/requirements,"King's College London","university:kings-college-london:a_level_requirement:2027 entry university:kings-college-london:gem_international:2027 entry university:kings-college-london:english_requirement:2027 entry university:kings-college-london:foundation_route:2027 entry university:kings-college-london:international_places_open:2027 entry university:kings-college-london:source_1"
S043,4,"Medical school eligibility",6,"VERIFY-ON-PAGE 6",https://www.keele.ac.uk/study/undergraduate/undergraduatecourses/medicine/medicinehowtoapply/,"Keele University","university:keele:international_accepted university:keele:international_places course:keele/a100 (also a104 with health foundation year):ucas_code course:keele/a100 (also a104 with health foundation year):admissions_test course:keele/a100 (also a104 with health foundation year):interview_format course:keele/a100 (also a104 with health foundation year):application_route"
S044,4,"Medical school eligibility",3,"VERIFY-ON-PAGE 3",https://www.lancashire.ac.uk/undergraduate/courses/medicine-mbbs,"University of Lancashire","university:lancashire:international_accepted course:lancashire/medicine:application_route university:lancashire:source_3"
S045,4,"Medical school eligibility",7,"VERIFY-ON-PAGE 7",https://www.lancashire.ac.uk/undergraduate/how-to-apply/mbbs/international-requirements,"University of Lancashire","university:lancashire:waec_neco_statement:2027 entry university:lancashire:a_level_requirement:2027 entry university:lancashire:gem_international:2027 entry university:lancashire:english_requirement:2027 entry university:lancashire:foundation_route:2027 entry university:lancashire:international_places_open:2027 entry university:lancashire:source_1"
S046,4,"Medical school eligibility",7,"NOT_FOUND 6; VERIFY-ON-PAGE 1",https://www.lincoln.ac.uk/course/mdcmbcub/,"University of Lincoln","university:lincoln:waec_neco_statement:2027 entry university:lincoln:a_level_requirement:2027 entry university:lincoln:gem_international:2027 entry university:lincoln:english_requirement:2027 entry university:lincoln:foundation_route:2027 entry university:lincoln:international_places_open:2027 entry university:lincoln:source_1"
S047,4,"Medical school eligibility",7,"VERIFY-ON-PAGE 6; NOT_FOUND 1",https://www.liverpool.ac.uk/international/countries/nigeria.php,"University of Liverpool","university:liverpool:waec_neco_statement:2027 entry university:liverpool:a_level_requirement:2027 entry university:liverpool:gem_international:2027 entry university:liverpool:english_requirement:2027 entry university:liverpool:foundation_route:2027 entry university:liverpool:international_places_open:2027 entry university:liverpool:source_1"
S048,4,"Medical school eligibility",5,"VERIFY-ON-PAGE 5","https://www.liverpool.ac.uk/media/livacuk/schoolofmedicine/admissions/A100,Departmental,Supplement,E2027.pdf","University of Liverpool","university:liverpool:international_accepted university:liverpool:international_places course:liverpool/a100:ucas_code course:liverpool/a100:course_length_years course:liverpool/a100:application_route"
S049,4,"Medical school eligibility",7,"VERIFY-ON-PAGE 5; NOT_FOUND 2",https://www.manchester.ac.uk/study/international/country-specific-information/nigeria/entry-requirements/,"University of Manchester","university:manchester:waec_neco_statement:2027 entry university:manchester:a_level_requirement:2027 entry university:manchester:gem_international:2027 entry university:manchester:english_requirement:2027 entry university:manchester:foundation_route:2027 entry university:manchester:international_places_open:2027 entry university:manchester:source_1"
S050,4,"Medical school eligibility",5,"VERIFY-ON-PAGE 5",https://www.manchester.ac.uk/study/undergraduate/courses/2027/01428/mbchb-medicine/,"University of Manchester","university:manchester:international_accepted course:manchester/a100:application_route course:manchester/a100:international_fee_gbp:2026/27 course:manchester/a100:clinical_years_fee_differs:2026/27 university:manchester:source_2"
S051,4,"Medical school eligibility",5,"VERIFY-ON-PAGE 5",https://www.medschools.ac.uk/courses/anglia-ruskin-medicine-a100/,"Anglia Ruskin University","university:anglia-ruskin:international_accepted university:anglia-ruskin:international_places course:anglia-ruskin/a100:ucas_code course:anglia-ruskin/a100:application_route course:anglia-ruskin/a100:intake_month"
S052,4,"Medical school eligibility",4,"VERIFY-ON-PAGE 4",https://www.medschools.ac.uk/courses/edge-hill-medicine-a100/,"Edge Hill University","university:edge-hill:international_accepted university:edge-hill:international_places course:edge-hill/a100 (also a110 medicine with foundation year, 6 years, north west england residents):application_route course:edge-hill/a100 (also a110 medicine with foundation year, 6 years, north west england residents):intake_month"
S053,4,"Medical school eligibility",5,"NOT_FOUND 4; VERIFY-ON-PAGE 1",https://www.ncl.ac.uk/international/language/,"Newcastle University","university:newcastle:a_level_requirement:2027 entry university:newcastle:gem_international:2027 entry university:newcastle:english_requirement:2027 entry university:newcastle:international_places_open:2027 entry university:newcastle:source_1"
S054,4,"Medical school eligibility",7,"VERIFY-ON-PAGE 5; NOT_FOUND 2",https://www.nottingham.ac.uk/studywithus/international-applicants/country-info/countryinformation/nigeria.aspx,"University of Nottingham","university:nottingham:waec_neco_statement:2027 entry university:nottingham:a_level_requirement:2027 entry university:nottingham:gem_international:2027 entry university:nottingham:english_requirement:2027 entry university:nottingham:foundation_route:2027 entry university:nottingham:international_places_open:2027 entry university:nottingham:source_1"
S055,4,"Medical school eligibility",7,"VERIFY-ON-PAGE 5; NOT_FOUND 2",https://www.plymouth.ac.uk/international/study/international-students-country-guides/africa/nigeria,"University of Plymouth","university:plymouth:waec_neco_statement:2027 entry university:plymouth:a_level_requirement:2027 entry university:plymouth:gem_international:2027 entry university:plymouth:english_requirement:2027 entry university:plymouth:foundation_route:2027 entry university:plymouth:international_places_open:2027 entry university:plymouth:source_1"
S056,4,"Medical school eligibility",15,"VERIFY-ON-PAGE 9; NOT_FOUND 6",https://www.qmul.ac.uk/fmd/study/undergraduate/courses/a100/selection-criteria/,"Queen Mary University of London","university:queen-mary-london:international_accepted university:queen-mary-london:international_places course:queen-mary-london/a100:ucas_code course:queen-mary-london/a100:course_length_years course:queen-mary-london/a100:admissions_test course:queen-mary-london/a100:interview_format course:queen-mary-london/a100:application_route course:queen-mary-london/a100:intake_month university:queen-mary-london:waec_neco_statement:2027 entry university:queen-mary-london:a_level_requirement:2027 entry university:queen-mary-london:gem_international:2027 entry university:queen-mary-london:english_requirement:2027 entry university:queen-mary-london:foundation_route:2027 entry university:queen-mary-london:international_places_open:2027 entry university:queen-mary-london:source_1"
S057,4,"Medical school eligibility",7,"VERIFY-ON-PAGE 4; NOT_FOUND 3",https://www.qub.ac.uk/Study/international-students/your-country/nigeria,"Queen's University Belfast","university:queens-belfast:waec_neco_statement:2027 entry university:queens-belfast:a_level_requirement:2027 entry university:queens-belfast:gem_international:2027 entry university:queens-belfast:english_requirement:2027 entry university:queens-belfast:foundation_route:2027 entry university:queens-belfast:international_places_open:2027 entry university:queens-belfast:source_1"
S058,4,"Medical school eligibility",7,"NOT_FOUND 6; VERIFY-ON-PAGE 1",https://www.sunderland.ac.uk/undergraduate/mbchb-medicine,"University of Sunderland","university:sunderland:waec_neco_statement:2027 entry university:sunderland:a_level_requirement:2027 entry university:sunderland:gem_international:2027 entry university:sunderland:english_requirement:2027 entry university:sunderland:foundation_route:2027 entry university:sunderland:international_places_open:2027 entry university:sunderland:source_1"
S059,4,"Medical school eligibility",3,"VERIFY-ON-PAGE 3",https://www.themedicportal.com/school/university-of-buckingham/,"University of Buckingham","university:buckingham:international_accepted course:buckingham/medicine:course_length_years course:buckingham/medicine:application_route"
S060,4,"Medical school eligibility",2,"VERIFY-ON-PAGE 2",https://www.theukcatpeople.co.uk/guide/medical-school/medicine/university-of-cardiff,"Cardiff University","university:cardiff:international_places course:cardiff/a100:ucas_code"
S061,4,"Medical school eligibility",1,"VERIFY-ON-PAGE 1",https://www.theukcatpeople.co.uk/guide/medical-school/medicine/university-of-chester,"University of Chester",university:chester:international_places
S062,4,"Medical school eligibility",3,"VERIFY-ON-PAGE 3",https://www.theukcatpeople.co.uk/guide/medical-school/medicine/university-of-kings-college-london-,"King's College London","university:kings-college-london:international_accepted course:kings-college-london/a100:ucas_code course:kings-college-london/a100:application_route"
S063,4,"Medical school eligibility",2,"VERIFY-ON-PAGE 2",https://www.theukcatpeople.co.uk/guide/medical-school/medicine/university-of-manchester,"University of Manchester","university:manchester:international_places course:manchester/a100:ucas_code"
S064,4,"Medical school eligibility",17,"VERIFY-ON-PAGE 17",https://www.theukcatpeople.co.uk/post/uk-medical-school-tuition-fees-for-international-students-to-study-medicine,"Anglia Ruskin University; Brighton and Sussex Medical School; Edge Hill University; University of Leicester; University of Lincoln; University of Southampton; University of Sunderland; University of Lancashire; Bangor University; Imperial College London; King's College London; University of East Anglia","course:anglia-ruskin/a100:course_length_years course:brighton-sussex/a100:international_fee_gbp:2026/27 course:edge-hill/a100 (also a110 medicine with foundation year, 6 years, north west england residents):course_length_years university:leicester:international_accepted university:lincoln:international_accepted university:southampton:international_accepted university:sunderland:international_accepted course:sunderland/medicine:course_length_years course:lancashire/medicine:course_length_years course:lancashire/medicine:international_fee_gbp:2026/27 university:bangor:international_accepted course:imperial/a100:international_fee_gbp:2026/27 course:imperial/a100:clinical_years_fee_differs:2026/27 course:kings-college-london/a100:international_fee_gbp:2026/27 course:kings-college-london/a100:clinical_years_fee_differs:2026/27 course:east-anglia/a100:international_fee_gbp:2026/27 course:east-anglia/a100:clinical_years_fee_differs:2026/27"
S065,4,"Medical school eligibility",4,"VERIFY-ON-PAGE 4",https://www.ucas.com/explore/courses/57772005-274b-4cb3-a141-e51d2290535e/medicine-graduate-entry-pears-cumbria-school-of-medicine?studyYear=2027,"Pears Cumbria School of Medicine","university:pears-cumbria:international_accepted university:pears-cumbria:international_places course:pears-cumbria/a102:application_route course:pears-cumbria/a102:intake_month"
S066,4,"Medical school eligibility",7,"VERIFY-ON-PAGE 2; NOT_FOUND 5",https://www.ucl.ac.uk/medical-sciences/divisions/medical-school/study/undergraduate/mbbs-admissions/entry-requirements/2027-entry,"University College London","course:ucl/medicine:application_route university:ucl:a_level_requirement:2027 entry university:ucl:gem_international:2027 entry university:ucl:english_requirement:2027 entry university:ucl:foundation_route:2027 entry university:ucl:international_places_open:2027 entry university:ucl:source_1"
S067,4,"Medical school eligibility",8,"VERIFY-ON-PAGE 8",https://www.uea.ac.uk/course/undergraduate/mbbs-medicine,"University of East Anglia","university:east-anglia:international_accepted university:east-anglia:international_places course:east-anglia/a100:ucas_code course:east-anglia/a100:course_length_years course:east-anglia/a100:admissions_test course:east-anglia/a100:interview_format course:east-anglia/a100:application_route course:east-anglia/a100:intake_month"
S068,4,"Medical school eligibility",5,"VERIFY-ON-PAGE 5",https://www.undergraduate.study.cam.ac.uk/courses/medicine-mb-bchir,"University of Cambridge","university:cambridge:international_accepted university:cambridge:international_places course:cambridge/a100:admissions_test course:cambridge/a100:interview_format course:cambridge/a100:application_route"
S069,4,"Medical school eligibility",7,"VERIFY-ON-PAGE 5; NOT_FOUND 2",https://www.wlv.ac.uk/courses/mbchb-medicine/,"University of Wolverhampton","university:wolverhampton:waec_neco_statement:2027 entry university:wolverhampton:a_level_requirement:2027 entry university:wolverhampton:gem_international:2027 entry university:wolverhampton:english_requirement:2027 entry university:wolverhampton:foundation_route:2027 entry university:wolverhampton:international_places_open:2027 entry university:wolverhampton:source_1"
S070,4,"Medical school eligibility",2,"VERIFY-ON-PAGE 2",https://www.worcester.ac.uk/about/academic-schools/medical-school/medical-school-admissions/mbchb-application-faqs.aspx,"University of Worcester","university:worcester:international_accepted course:worcester/a101:admissions_test"
S071,4,"Medical school eligibility",1,"NOT_FOUND 1",,"University of Dundee","university:dundee:gem_international:2027 entry"
S072,4,"Medical school eligibility",1,"NOT_FOUND 1",,"University of Dundee","university:dundee:international_places_open:2027 entry"
S073,5,"Nigerian qualifications and entry",1,"NOT_FOUND 1",,"University of Dundee","university:dundee:a_level_requirement:2027 entry"
S074,5,"Nigerian qualifications and entry",1,"NOT_FOUND 1",,"University of Dundee","university:dundee:english_requirement:2027 entry"
S075,6,"International fees and costs",2,"VERIFY-ON-PAGE 2",https://kmms.ac.uk/study/funding-your-degree/,"Kent and Medway Medical School","course:kent-medway/a100 (institution code k31):international_fee_gbp:2026/27 course:kent-medway/a100 (institution code k31):clinical_years_fee_differs:2026/27"
S076,6,"International fees and costs",2,"VERIFY-ON-PAGE 2",https://le.ac.uk/study/undergraduates/fees-funding/tuition-fees,"University of Leicester","course:leicester/a100:international_fee_gbp:2026/27 course:leicester/a100:clinical_years_fee_differs:2026/27"
S077,6,"International fees and costs",1,"VERIFY-ON-PAGE 1",https://medicine.greatermanchester.ac.uk/mbchb-medicine-programme-details/,"University of Greater Manchester",course:greater-manchester/medicine:international_fee_gbp:2026/27
S078,6,"International fees and costs",2,"VERIFY-ON-PAGE 2",https://registryservices.ed.ac.uk/tuition-fees/find/undergraduate/2026-2027/medicine,"University of Edinburgh","course:edinburgh/medicine:international_fee_gbp:2026/27 course:edinburgh/medicine:clinical_years_fee_differs:2026/27"
S079,6,"International fees and costs",2,"VERIFY-ON-PAGE 2",https://warwick.ac.uk/services/finance/studentfinance/fees/overseasfees/,"University of Warwick","course:warwick/graduate-entry:international_fee_gbp:2026/27 course:warwick/graduate-entry:clinical_years_fee_differs:2026/27"
S080,6,"International fees and costs",2,"VERIFY-ON-PAGE 2",https://www.abdn.ac.uk/media/site/students/documents/UG--Full-time-Tuition-Fees-2026-27.pdf,"University of Aberdeen","course:aberdeen/medicine:international_fee_gbp:2026/27 course:aberdeen/medicine:clinical_years_fee_differs:2026/27"
S081,6,"International fees and costs",3,"VERIFY-ON-PAGE 3",https://www.birmingham.ac.uk/study/undergraduate/subjects/medicine-courses/medicine-and-surgery-mbchb,"University of Birmingham","course:birmingham/a100:international_fee_gbp:UNCLEAR (likely 2025/26 or 2026/27) course:birmingham/a100:clinical_years_fee_differs:UNCLEAR (likely 2025/26 or 2026/27) university:birmingham:source_2"
S082,6,"International fees and costs",2,"VERIFY-ON-PAGE 2",https://www.bristol.ac.uk/study/undergraduate/fees-funding/,"University of Bristol","course:bristol/a100:international_fee_gbp:2026/27 course:bristol/a100:clinical_years_fee_differs:2026/27"
S083,6,"International fees and costs",2,"VERIFY-ON-PAGE 2",https://www.cardiff.ac.uk/study/undergraduate/courses/2026/medicine-mbbch,"Cardiff University","course:cardiff/a100:international_fee_gbp:2026/27 course:cardiff/a100:clinical_years_fee_differs:2026/27"
S084,6,"International fees and costs",2,"VERIFY-ON-PAGE 2",https://www.dundee.ac.uk/undergraduate/medicine/fees-and-funding,"University of Dundee","course:dundee/medicine:international_fee_gbp:2026/27 course:dundee/medicine:clinical_years_fee_differs:2026/27"
S085,6,"International fees and costs",2,"VERIFY-ON-PAGE 2",https://www.exeter.ac.uk/undergraduate-degrees/fees/,"University of Exeter","course:exeter/a100:international_fee_gbp:2026/27 course:exeter/a100:clinical_years_fee_differs:2026/27"
S086,6,"International fees and costs",2,"VERIFY-ON-PAGE 2",https://www.gla.ac.uk/myglasgow/students/payingyourfees/undergraduate/2026-27/,"University of Glasgow","course:glasgow/medicine:international_fee_gbp:2026/27 course:glasgow/medicine:clinical_years_fee_differs:2026/27"
S087,6,"International fees and costs",1,"VERIFY-ON-PAGE 1",https://www.hyms.ac.uk/,"Other costs of studying Medicine in the UK",topic:costs-2026:funding_note:2026/27
S088,6,"International fees and costs",2,"VERIFY-ON-PAGE 2",https://www.hyms.ac.uk/medicine/applying/fees-and-funding,"Hull York Medical School","course:hull-york/a100:international_fee_gbp:2026/27 course:hull-york/a100:clinical_years_fee_differs:2026/27"
S089,6,"International fees and costs",2,"VERIFY-ON-PAGE 2",https://www.keele.ac.uk/study/undergraduate/tuitionfeesandfunding/undergraduatetuitionfees/undergraduatetuitionfeesinternationalstudents/,"Keele University","course:keele/a100 (also a104 with health foundation year):international_fee_gbp:2026/27 course:keele/a100 (also a104 with health foundation year):clinical_years_fee_differs:2026/27"
S090,6,"International fees and costs",2,"VERIFY-ON-PAGE 2",https://www.lancaster.ac.uk/study/undergraduate/courses/medicine-and-surgery-mbchb-a100/2026/,"Lancaster University","course:lancaster/medicine:international_fee_gbp:2026/27 course:lancaster/medicine:clinical_years_fee_differs:2026/27"
S091,6,"International fees and costs",3,"VERIFY-ON-PAGE 3",https://www.liverpool.ac.uk/courses/medicine-and-surgery-mbchb,"University of Liverpool","course:liverpool/a100:international_fee_gbp:2026/27 course:liverpool/a100:clinical_years_fee_differs:2026/27 university:liverpool:source_2"
S092,6,"International fees and costs",2,"VERIFY-ON-PAGE 2",https://www.medsci.ox.ac.uk/study/medicine/fees-and-funding,"University of Oxford","course:oxford/medicine:international_fee_gbp:2026/27 course:oxford/medicine:clinical_years_fee_differs:2026/27"
S093,6,"International fees and costs",4,"VERIFY-ON-PAGE 4",https://www.ncl.ac.uk/undergraduate/degrees/a100/,"Newcastle University","course:newcastle/a100:ucas_code course:newcastle/a100:application_route course:newcastle/a100:international_fee_gbp:2026/27 course:newcastle/a100:clinical_years_fee_differs:2026/27"
S094,6,"International fees and costs",2,"VERIFY-ON-PAGE 2",https://www.nottingham.ac.uk/fees/tuitionfees/202627/undergraduate.aspx,"University of Nottingham","course:nottingham/medicine:international_fee_gbp:2026/27 course:nottingham/medicine:clinical_years_fee_differs:2026/27"
S095,6,"International fees and costs",2,"VERIFY-ON-PAGE 2",https://www.plymouth.ac.uk/courses/undergraduate/bmbs-bachelor-of-medicine-bachelor-of-surgery,"University of Plymouth","course:plymouth/medicine:international_fee_gbp:2026/27 course:plymouth/medicine:clinical_years_fee_differs:2026/27"
S096,6,"International fees and costs",2,"VERIFY-ON-PAGE 2",https://www.qmul.ac.uk/registry-services/media/arcs/student-enquiry-centre/UG-2526-Schedule-(1).pdf,"Queen Mary University of London","course:queen-mary-london/a100:international_fee_gbp:2026/27 course:queen-mary-london/a100:clinical_years_fee_differs:2026/27"
S097,6,"International fees and costs",2,"VERIFY-ON-PAGE 2",https://www.qub.ac.uk/Study/international-students/tuition-fees/fees-26-27/,"Queen's University Belfast","course:queens-belfast/medicine:international_fee_gbp:2026/27 course:queens-belfast/medicine:clinical_years_fee_differs:2026/27"
S098,6,"International fees and costs",2,"VERIFY-ON-PAGE 2",https://www.southampton.ac.uk/courses/medicine-bm5-degree-bmbs,"University of Southampton","course:southampton/medicine:international_fee_gbp:UNCLEAR (official page; year not confirmed) course:southampton/medicine:clinical_years_fee_differs:UNCLEAR (official page; year not confirmed)"
S099,6,"International fees and costs",2,"VERIFY-ON-PAGE 2",https://www.st-andrews.ac.uk/study/undergraduate/fees/world/,"University of St Andrews","course:st-andrews/a100:international_fee_gbp:2026/27 course:st-andrews/a100:clinical_years_fee_differs:2026/27"
S100,6,"International fees and costs",2,"VERIFY-ON-PAGE 2",https://www.swansea.ac.uk/undergraduate/courses/medicine/medicine-graduate-entry-mbbch/,"Swansea University","course:swansea/graduate-entry:international_fee_gbp:2026/27 course:swansea/graduate-entry:clinical_years_fee_differs:2026/27"
S101,6,"International fees and costs",2,"VERIFY-ON-PAGE 2",https://www.topuniversities.com/universities/aston-university/undergrad/medicine-mbchb,"Aston University","course:aston/a100:international_fee_gbp:2026/27 course:aston/a100:clinical_years_fee_differs:2026/27"
S102,6,"International fees and costs",2,"VERIFY-ON-PAGE 2",https://www.ucl.ac.uk/prospective-students/undergraduate/degrees/medicine-mbbs-bsc-2026,"University College London","course:ucl/medicine:international_fee_gbp:2026/27 course:ucl/medicine:clinical_years_fee_differs:2026/27"
S103,6,"International fees and costs",1,"NOT_FOUND 1",https://www.ukcisa.org.uk/,"Other costs of studying Medicine in the UK",topic:costs-2026:living_costs_note:2026/27
S104,6,"International fees and costs",2,"VERIFY-ON-PAGE 2",https://www.ulster.ac.uk/student/fees/tuition-fees/international/tuition-fees-202627-international-and-eu-excluding-roi,"Ulster University","course:ulster/graduate-entry:international_fee_gbp:2026/27 course:ulster/graduate-entry:clinical_years_fee_differs:2026/27"
S105,6,"International fees and costs",2,"VERIFY-ON-PAGE 2",https://www.undergraduate.study.cam.ac.uk/files/publications/undergraduate_tuition_fees_2026-27.pdf,"University of Cambridge","course:cambridge/a100:international_fee_gbp:2026/27 course:cambridge/a100:clinical_years_fee_differs:2026/27"
S106,7,"Visa and immigration",1,"VERIFY-ON-PAGE 1",https://www.gov.uk/healthcare-immigration-application/how-much-pay,"UK Student visa (Nigeria → UK)",topic:student-visa:ihs_per_year_gbp:2026
S107,7,"Visa and immigration",3,"VERIFY-ON-PAGE 2; NOT_FOUND 1",https://www.gov.uk/student-visa,"UK Student visa (Nigeria → UK)","topic:student-visa:work_term_time:2026 topic:student-visa:dependants:2026 topic:student-visa:application_fee_gbp:2026"
S108,7,"Visa and immigration",2,"SOURCE_CHANGED 2",https://www.gov.uk/student-visa/money,"UK Student visa (Nigeria → UK)","topic:student-visa:maintenance_london_monthly_gbp:2026 topic:student-visa:maintenance_outside_london_monthly_gbp:2026"
S109,7,"Visa and immigration",1,"VERIFY-ON-PAGE 1",https://www.gov.uk/tb-test-visa,"UK Student visa (Nigeria → UK)",topic:student-visa:tb_test:2026
S110,8,"Graduate and work rules",2,"VERIFY-ON-PAGE 1; NOT_FOUND 1",https://www.gov.uk/graduate-visa,"Graduate visa (post-study work)","topic:graduate-visa:length:2027 topic:graduate-visa:fee_gbp:2027"
S111,9,"Application routes",1,"VERIFY-ON-PAGE 1",https://bluepeanut.com/medical-school-interviews-guides/kings-college-london-kcl-medical-school-interview-questions-format-dates-stats-and-expert-tips,"King's College London",course:kings-college-london/a100:interview_format
S112,9,"Application routes",4,"VERIFY-ON-PAGE 4",https://kmms.ac.uk/study/applying/,"Kent and Medway Medical School","course:kent-medway/a100 (institution code k31):ucas_code course:kent-medway/a100 (institution code k31):interview_format course:kent-medway/a100 (institution code k31):application_route university:kent-medway:source_2"
S113,9,"Application routes",2,"VERIFY-ON-PAGE 2",https://le.ac.uk/study/medicine/entry-requirements/mbchb-2027,"University of Leicester","course:leicester/a100:ucas_code course:leicester/a100:application_route"
S114,9,"Application routes",1,"VERIFY-ON-PAGE 1",https://medicine.greatermanchester.ac.uk/undergraduate-medical-school/register/,"University of Greater Manchester",course:greater-manchester/medicine:application_route
S115,9,"Application routes",1,"VERIFY-ON-PAGE 1",https://nextgenmedprep.com/medical-schools/edge-hill/how-to-get-in,"Edge Hill University","course:edge-hill/a100 (also a110 medicine with foundation year, 6 years, north west england residents):interview_format"
S116,9,"Application routes",2,"VERIFY-ON-PAGE 2",https://www.birmingham.ac.uk/documents/college-mds/medical-school/mbchb-admissions-statistics-sept-2024.pdf,"University of Birmingham","course:birmingham/a100:ucas_code course:birmingham/a100:application_route"
S117,9,"Application routes",1,"VERIFY-ON-PAGE 1",https://www.bristol.ac.uk/study/undergraduate/2027/medicine/mb-chb-medicine/,"University of Bristol",course:bristol/a100:application_route
S118,9,"Application routes",2,"VERIFY-ON-PAGE 2",https://www.brunel.ac.uk/brunel-medical-school/documents/pdf/MBBS-FAQ-January-2024.pdf,"Brunel University of London","course:brunel/a100 (institution code b84):admissions_test course:brunel/a100 (institution code b84):interview_format"
S119,9,"Application routes",1,"VERIFY-ON-PAGE 1",https://www.exeter.ac.uk/undergraduate-degrees/bmbs-medicine/,"University of Exeter",course:exeter/a100:application_route
S120,9,"Application routes",1,"VERIFY-ON-PAGE 1",https://www.herts.ac.uk/about-us/news-and-events/news/2025/hertfordshire-medical-school-to-train-next-generation-of-doctors,"University of Hertfordshire",course:hertfordshire/medicine:intake_month
S121,9,"Application routes",2,"VERIFY-ON-PAGE 2",https://www.medschools.ac.uk/courses/aston-university-mbchb-medicine-a100/,"Aston University","course:aston/a100:ucas_code course:aston/a100:application_route"
S122,9,"Application routes",3,"VERIFY-ON-PAGE 3",https://www.medschools.ac.uk/courses/leeds-medicine-a100/,"University of Leeds","university:leeds:msc_member course:leeds/a100 (also i900 gateway year to medicine):ucas_code course:leeds/a100 (also i900 gateway year to medicine):application_route"
S123,9,"Application routes",4,"VERIFY-ON-PAGE 4",https://www.medschools.ac.uk/courses/pears-cumbria-medicine-a102/,"Pears Cumbria School of Medicine","university:pears-cumbria:msc_member course:pears-cumbria/a102:ucas_code course:pears-cumbria/a102:admissions_test course:pears-cumbria/a102:graduate_entry_course"
S124,9,"Application routes",4,"VERIFY-ON-PAGE 4",https://www.medschools.ac.uk/courses/worcester-three-counties-medical-school-mbchb-medicine-a101/,"University of Worcester","university:worcester:msc_member course:worcester/a101:ucas_code course:worcester/a101:application_route course:worcester/a101:graduate_entry_course"
S125,9,"Application routes",2,"VERIFY-ON-PAGE 2",https://www.nottingham.ac.uk/studywithus/ugstudy/courses/UG/Medicine-BMBS.html,"University of Nottingham","course:nottingham/medicine:application_route university:nottingham:source_2"
S126,9,"Application routes",1,"VERIFY-ON-PAGE 1",https://www.themedicportal.com/blog/which-uk-medical-schools-do-not-require-ucat/,"University of Buckingham",course:buckingham/medicine:admissions_test
S127,9,"Application routes",1,"VERIFY-ON-PAGE 1",https://www.theukcatpeople.co.uk/guide/medical-school/medicine/university-of-anglia-ruskin,"Anglia Ruskin University",course:anglia-ruskin/a100:interview_format
S128,9,"Application routes",1,"VERIFY-ON-PAGE 1",https://www.theukcatpeople.co.uk/guide/medical-school/medicine/university-of-uclan-,"University of Lancashire",course:lancashire/medicine:admissions_test
S129,9,"Application routes",1,"VERIFY-ON-PAGE 1",https://www.ucas.com/,"UCAS 2027 entry",topic:ucas-2027:document_upload:2027
S130,9,"Application routes",1,"VERIFY-ON-PAGE 1",https://www.ucas.com/advisers/international-advisers,"UCAS 2027 entry",topic:ucas-2027:agent_statement:2027
S131,9,"Application routes",1,"NOT_FOUND 1",https://www.ucas.com/undergraduate/applying-university/how-apply-undergraduate-courses,"UCAS 2027 entry",topic:ucas-2027:application_fee_gbp:2027
S132,9,"Application routes",1,"VERIFY-ON-PAGE 1",https://www.ucas.com/undergraduate/applying-university/ucas-undergraduate-filling-your-application,"UCAS 2027 entry",topic:ucas-2027:max_medicine_choices:2027
S133,9,"Application routes",1,"VERIFY-ON-PAGE 1",https://www.ucas.com/undergraduate/applying-university/writing-your-personal-statement,"UCAS 2027 entry",topic:ucas-2027:personal_statement_format:2027
S134,9,"Application routes",25,"VERIFY-ON-PAGE 25",https://www.ucat.ac.uk/about-ucat/universities/,"Anglia Ruskin University; University of Birmingham; University of Bristol; Edge Hill University; King's College London; Lancaster University; University of Leicester; University of Liverpool; University of Manchester; Newcastle University; University of Nottingham; University of Oxford; University of Plymouth; University of Sheffield; University of Southampton; University of Sunderland; University College London; University of Warwick; University of Hertfordshire; University of Aberdeen; University of Dundee; University of Edinburgh; University of Glasgow; University of St Andrews; Cardiff University","course:anglia-ruskin/a100:admissions_test course:birmingham/a100:admissions_test course:bristol/a100:admissions_test course:edge-hill/a100 (also a110 medicine with foundation year, 6 years, north west england residents):admissions_test course:kings-college-london/a100:admissions_test course:lancaster/medicine:admissions_test course:leicester/a100:admissions_test course:liverpool/a100:admissions_test course:manchester/a100:admissions_test course:newcastle/a100:admissions_test course:nottingham/medicine:admissions_test course:oxford/medicine:admissions_test course:plymouth/medicine:admissions_test course:sheffield/medicine:admissions_test course:southampton/medicine:admissions_test course:sunderland/medicine:admissions_test course:ucl/medicine:admissions_test course:warwick/medicine:admissions_test course:hertfordshire/medicine:admissions_test course:aberdeen/medicine:admissions_test course:dundee/medicine:admissions_test course:edinburgh/medicine:admissions_test course:glasgow/medicine:admissions_test course:st-andrews/a100:admissions_test course:cardiff/a100:admissions_test"
S135,10,"Course availability",1,"VERIFY-ON-PAGE 1",https://greatermanchester.ac.uk/course/mbchb-medicine-full-time-5-years-university-of-greater-manchester/2026-27,"University of Greater Manchester",course:greater-manchester/medicine:course_length_years
S136,10,"Course availability",2,"VERIFY-ON-PAGE 2",https://www.aston.ac.uk/study/courses/medicine-mbchb,"Aston University","course:aston/a100:course_length_years university:aston:source_2"
S137,10,"Course availability",2,"VERIFY-ON-PAGE 2",https://www.brighton.ac.uk/courses/study/medicine-bm-bs.aspx,"Brighton and Sussex Medical School","course:brighton-sussex/a100:ucas_code course:brighton-sussex/a100:course_length_years"
S138,10,"Course availability",2,"VERIFY-ON-PAGE 2",https://www.imperial.ac.uk/study/courses/undergraduate/medicine-graduate-entry/,"Imperial College London; Pears Cumbria School of Medicine","course:imperial/a100:graduate_entry_course course:pears-cumbria/a102:course_length_years"
S139,10,"Course availability",1,"VERIFY-ON-PAGE 1",https://www.kent.ac.uk/courses/undergraduate/3737/medicine,"Kent and Medway Medical School","course:kent-medway/a100 (institution code k31):course_length_years"
S140,10,"Course availability",1,"VERIFY-ON-PAGE 1",https://www.manchester.ac.uk/study/undergraduate/courses/2026/21177/mbchb-medicine-graduate-entry/,"University of Manchester",course:manchester/a100:graduate_entry_course
S141,10,"Course availability",41,"VERIFY-ON-PAGE 41",https://www.medschools.ac.uk/about-us/our-members/,"Anglia Ruskin University; Aston University; Queen Mary University of London; University of Birmingham; Brighton and Sussex Medical School; University of Bristol; Brunel University of London; University of Buckingham; University of Cambridge; University of Chester; University of East Anglia; University of Exeter; Lancaster University; University of Leicester; University of Lincoln; University of Liverpool; University of Manchester; Newcastle University; University of Nottingham; University of Oxford; University of Plymouth; University of Sheffield; University of Southampton; City St George's, University of London; University of Sunderland; University College London; University of Lancashire; University of Warwick; University of Hertfordshire; University of Surrey; University of Aberdeen; University of Dundee; University of Edinburgh; University of Glasgow; University of St Andrews; Cardiff University; Swansea University; Bangor University; Queen's University Belfast; Ulster University","university:anglia-ruskin:msc_member university:aston:msc_member university:queen-mary-london:msc_member university:birmingham:msc_member university:brighton-sussex:msc_member university:bristol:msc_member university:brunel:msc_member university:buckingham:msc_member university:cambridge:msc_member university:chester:msc_member university:east-anglia:msc_member university:exeter:msc_member university:lancaster:msc_member university:leicester:msc_member university:lincoln:msc_member university:liverpool:msc_member university:manchester:msc_member university:newcastle:msc_member university:nottingham:msc_member university:oxford:msc_member university:plymouth:msc_member university:sheffield:msc_member university:southampton:msc_member university:st-georges-london:msc_member university:sunderland:msc_member university:ucl:msc_member university:lancashire:msc_member university:warwick:msc_member university:hertfordshire:msc_member university:surrey:msc_member course:surrey/medicine:graduate_entry_course university:aberdeen:msc_member university:dundee:msc_member university:edinburgh:msc_member university:glasgow:msc_member university:st-andrews:msc_member university:cardiff:msc_member university:swansea:msc_member university:bangor:msc_member university:queens-belfast:msc_member university:ulster:msc_member"
S142,10,"Course availability",1,"VERIFY-ON-PAGE 1",https://www.medschools.ac.uk/courses/edge-hill-medicine-a110/,"Edge Hill University","course:edge-hill/a100 (also a110 medicine with foundation year, 6 years, north west england residents):ucas_code"
S143,10,"Course availability",1,"VERIFY-ON-PAGE 1",https://www.medschools.ac.uk/courses/hull-york-medical-school-mb-bs-medicine-a100/,"Hull York Medical School",course:hull-york/a100:ucas_code
S144,10,"Course availability",1,"VERIFY-ON-PAGE 1",https://www.medschools.ac.uk/courses/university-of-cambridge-mb-bchir-medicine-a100/,"University of Cambridge",course:cambridge/a100:ucas_code
S145,10,"Course availability",1,"VERIFY-ON-PAGE 1",https://www.medschools.ac.uk/courses/university-of-exeter-bmbs-medicine-a100/,"University of Exeter",course:exeter/a100:ucas_code
S146,10,"Course availability",6,"VERIFY-ON-PAGE 6",https://www.medschools.ac.uk/for-students/applying-to-medical-school/medical-schools/,"Edge Hill University; Hull York Medical School; Imperial College London; Keele University; Kent and Medway Medical School; King's College London","university:edge-hill:msc_member university:hull-york:msc_member university:imperial:msc_member university:keele:msc_member university:kent-medway:msc_member university:kings-college-london:msc_member"
S147,10,"Course availability",1,"VERIFY-ON-PAGE 1",https://www.st-andrews.ac.uk/subjects/medicine/medicine-bsc-a100/,"University of St Andrews",course:st-andrews/a100:ucas_code
S148,10,"Course availability",1,"VERIFY-ON-PAGE 1",https://www.ucas.com/explore/courses/13d4f1de-c06b-4605-a9ca-0dc14728f182/course?studyYear=2027,"Brunel University of London","course:brunel/a100 (institution code b84):ucas_code"
S149,10,"Course availability",2,"VERIFY-ON-PAGE 2",https://www.ucas.com/explore/courses/7d3115e0-ac14-40a5-b5c1-651d60e2f470/graduate-entry-medicine?studyYear=2027,"University of Chester","course:chester/a101:ucas_code course:chester/a101:graduate_entry_course"
S150,10,"Course availability",1,"VERIFY-ON-PAGE 1",https://www.uea.ac.uk/course/undergraduate/mbbs-medicine-graduate-entry,"University of East Anglia",course:east-anglia/a100:graduate_entry_course
S151,10,"Course availability",1,"VERIFY-ON-PAGE 1",https://www.worcester.ac.uk/courses/medicine-graduate-entry-mbchb,"University of Worcester",course:worcester/a101:course_length_years
S152,11,Other,1,"VERIFY-ON-PAGE 1",https://isc.cardiff.ac.uk/how-to-apply/entry-requirements,"Cardiff University",university:cardiff:source_2
S153,11,Other,1,"VERIFY-ON-PAGE 1",https://le.ac.uk/study/medicine/entry-requirements/mbchb-2026,"University of Leicester",university:leicester:source_2
S154,11,Other,1,"VERIFY-ON-PAGE 1",https://sheffield.ac.uk/smph/undergraduate/medicine-admissions,"University of Sheffield",university:sheffield:source_2
S155,11,Other,1,"VERIFY-ON-PAGE 1",https://study.ed.ac.uk/programmes/undergraduate/354-mbchb-medicine-6-year-programme/entry-requirements,"University of Edinburgh",university:edinburgh:source_2
S156,11,Other,1,"VERIFY-ON-PAGE 1",https://upic.navitas.com/admission/academic-requirements/,"University of Plymouth",university:plymouth:source_4
S157,11,Other,1,"VERIFY-ON-PAGE 1",https://www.abdn.ac.uk/smmsn/undergraduate/medicine/international-requirements.php,"University of Aberdeen",university:aberdeen:source_2
S158,11,Other,1,"VERIFY-ON-PAGE 1",https://www.cardiff.ac.uk/study/undergraduate/courses/2026/medicine-graduate-entry-mbbch,"Cardiff University",university:cardiff:source_4
S159,11,Other,1,"VERIFY-ON-PAGE 1",https://www.chester.ac.uk/international/countries/nigeria/,"University of Chester",university:chester:source_3
S160,11,Other,1,"VERIFY-ON-PAGE 1",https://www.gla.ac.uk/undergraduate/degrees/gateway-to-medical-studies/,"University of Glasgow",university:glasgow:source_2
S161,11,Other,1,"VERIFY-ON-PAGE 1",https://www.gla.ac.uk/undergraduate/degrees/medicine/entry-requirements/,"University of Glasgow",university:glasgow:source_3
S162,11,Other,1,"VERIFY-ON-PAGE 1",https://www.kcl.ac.uk/assets/pdf24/kings-international-foundation-programme-medicine-mbbs-factsheet-2025-26.pdf,"King's College London",university:kings-college-london:source_2
S163,11,Other,1,"VERIFY-ON-PAGE 1",https://www.kcl.ac.uk/study/undergraduate/courses/medicine-graduate-professional-entry-mbbs/requirements,"King's College London",university:kings-college-london:source_3
S164,11,Other,1,"VERIFY-ON-PAGE 1",https://www.kingseducation.com/assets/pdf/uk-uni/factsheets/university-of-buckingham-medical-pathway.pdf,"University of Buckingham",university:buckingham:source_2
S165,11,Other,1,"VERIFY-ON-PAGE 1",https://www.lancashire.ac.uk/international-students/country/nigeria,"University of Lancashire",university:lancashire:source_2
S166,11,Other,1,"VERIFY-ON-PAGE 1",https://www.lincoln.ac.uk/studywithus/internationalstudents/entryrequirementsandyourcountry/nigeria/,"University of Lincoln",university:lincoln:source_2
S167,11,Other,1,"VERIFY-ON-PAGE 1",https://www.liverpool.ac.uk/courses/medicine-and-surgery-graduate-entry-mbchb,"University of Liverpool",university:liverpool:source_3
S168,11,Other,1,"VERIFY-ON-PAGE 1",https://www.liverpool.ac.uk/medicine/study-with-us/undergraduate/admissions-information/,"University of Liverpool",university:liverpool:source_4
S169,11,Other,1,"VERIFY-ON-PAGE 1",https://www.manchester.ac.uk/study/international/country-specific-information/nigeria/scholarships/,"University of Manchester",university:manchester:source_4
S170,11,Other,1,"VERIFY-ON-PAGE 1",https://www.manchester.ac.uk/study/undergraduate/courses/2027/21177/mbchb-medicine-graduate-entry/,"University of Manchester",university:manchester:source_3
S171,11,Other,1,"VERIFY-ON-PAGE 1",https://www.plymouth.ac.uk/courses/undergraduate/bmbs-bachelor-of-medicine-bachelor-of-surgery-with-foundation-year-0/entry-requirements,"University of Plymouth",university:plymouth:source_3
S172,11,Other,1,"VERIFY-ON-PAGE 1",https://www.plymouth.ac.uk/courses/undergraduate/bmbs-bachelor-of-medicine-bachelor-of-surgery/entry-requirements,"University of Plymouth",university:plymouth:source_2
S173,11,Other,1,"VERIFY-ON-PAGE 1",https://www.qmul.ac.uk/international-students/pathway-programmes/ify/ify-entry-requirements/,"Queen Mary University of London",university:queen-mary-london:source_2
S174,11,Other,1,"VERIFY-ON-PAGE 1",https://www.qub.ac.uk/courses/undergraduate/medicine-mb-a100/,"Queen's University Belfast",university:queens-belfast:source_2
S175,11,Other,1,"VERIFY-ON-PAGE 1",https://www.sunderland.ac.uk/how-to-apply/applying-for-medicine,"University of Sunderland",university:sunderland:source_2
S176,11,Other,1,"VERIFY-ON-PAGE 1",https://www.ucl.ac.uk/languages-international-education/sites/languages-international-education/files/Applying_to_UCL_Medicine_MBBS_BSc_from_UPCSE.pdf,"University College London",university:ucl:source_2
S177,11,Other,1,"VERIFY-ON-PAGE 1",https://www.wlv.ac.uk/international/your-country/nigeria/,"University of Wolverhampton",university:wolverhampton:source_2
S178,12,"Other healthcare subjects",1,"VERIFY-ON-PAGE 1",https://cardiff.ac.uk/study/undergraduate/courses/2023/dental-therapy-and-hygiene-bsc,"Cardiff University",course:cardiff/dental-therapy-hygiene:international_accepted
S179,12,"Other healthcare subjects",2,"VERIFY-ON-PAGE 2",https://northumbria.ac.uk/course/uufmwy1,"Northumbria University","course:northumbria/midwifery-studies:international_accepted course:northumbria/midwifery-studies:english_language_requirement"
S180,12,"Other healthcare subjects",1,"VERIFY-ON-PAGE 1",https://wlv.ac.uk/courses/bsc-hons-healthcare-science-cardiac-physiology,"University of Wolverhampton",course:wolverhampton/healthcare-science-cardiac:international_accepted
S181,12,"Other healthcare subjects",1,"VERIFY-ON-PAGE 1",https://www.abdn.ac.uk/dental/study/bds/entrance-requirements/academic-requirements/,"University of Aberdeen",course:aberdeen/bds:english_language_requirement
S182,12,"Other healthcare subjects",1,"VERIFY-ON-PAGE 1",https://www.birmingham.ac.uk/undergraduate/courses/med/bsc-midwifery,"University of Birmingham",course:birmingham/midwifery:international_accepted
S183,12,"Other healthcare subjects",1,"VERIFY-ON-PAGE 1",https://www.bmh.manchester.ac.uk/study/dentistry/apply/statistics/,"University of Manchester",course:manchester/bds:international_places
S184,12,"Other healthcare subjects",1,"VERIFY-ON-PAGE 1",https://www.bmh.manchester.ac.uk/study/dentistry/interviews/frequentlyaskedquestions/,"University of Manchester",course:manchester/bds:interview_format
S185,12,"Other healthcare subjects",1,"VERIFY-ON-PAGE 1",https://www.bristol.ac.uk/health-life-sciences/international-foundation-programme/,"University of Bristol",course:bristol/ifp-dentistry:foundation_route
S186,12,"Other healthcare subjects",1,"VERIFY-ON-PAGE 1",https://www.brunel.ac.uk/physiotherapy/why-study-physiotherapy-at-brunel/information-for-international-students,"Brunel University of London",course:brunel/physiotherapy:international_accepted
S187,12,"Other healthcare subjects",2,"VERIFY-ON-PAGE 2",https://www.brunel.ac.uk/study/undergraduate/physiotherapy-bsc,"Brunel University of London","course:brunel/physiotherapy:international_fee_gbp:2026/27 course:brunel/physiotherapy:a_level_requirement"
S188,12,"Other healthcare subjects",2,"VERIFY-ON-PAGE 2",https://www.cardiff.ac.uk/study/undergraduate/courses/2026/dental-surgery-bds,"Cardiff University","course:cardiff/bds:a_level_requirement course:cardiff/bds:admissions_test"
S189,12,"Other healthcare subjects",1,"VERIFY-ON-PAGE 1",https://www.cardiff.ac.uk/study/undergraduate/courses/2026/midwifery-bmid,"Cardiff University",course:cardiff/bmid:international_accepted
S190,12,"Other healthcare subjects",2,"VERIFY-ON-PAGE 2",https://www.cardiff.ac.uk/study/undergraduate/courses/2026/pharmacy-mpharm,"Cardiff University","course:cardiff/mpharm:international_fee_gbp:2026/27 course:cardiff/mpharm:interview_format"
S191,12,"Other healthcare subjects",1,"VERIFY-ON-PAGE 1",https://www.cardiff.ac.uk/study/undergraduate/courses/2026/radiotherapy-and-oncology-bsc,"Cardiff University",course:cardiff/radiotherapy-oncology:international_accepted
S192,12,"Other healthcare subjects",1,"VERIFY-ON-PAGE 1",https://www.kcl.ac.uk/study/undergraduate/courses/biomedical-science-bsc/entry-requirements,"King's College London",course:kings-college-london/biomedical-science:a_level_requirement
S193,12,"Other healthcare subjects",2,"VERIFY-ON-PAGE 2",https://www.kcl.ac.uk/study/undergraduate/courses/nursing-with-registration-as-an-adult-nurse-bsc/entry-requirements,"King's College London","course:kings-college-london/adult-nursing:english_language_requirement course:kings-college-london/adult-nursing:a_level_requirement"
S194,12,"Other healthcare subjects",3,"VERIFY-ON-PAGE 3",https://www.liverpool.ac.uk/courses/therapeutic-radiography-and-oncology-bsc-hons/2027,"University of Liverpool","course:liverpool/therapeutic-radiography:international_accepted course:liverpool/therapeutic-radiography:deadline:2027 course:liverpool/therapeutic-radiography:english_language_requirement"
S195,12,"Other healthcare subjects",2,"VERIFY-ON-PAGE 2",https://www.manchester.ac.uk/study/undergraduate/courses/2025/00398/bds-dentistry-first-year-entry/,"University of Manchester","course:manchester/bds:a_level_requirement course:manchester/bds:english_language_requirement"
S196,12,"Other healthcare subjects",1,"VERIFY-ON-PAGE 1",https://www.manchester.ac.uk/study/undergraduate/courses/2025/00398/bds-dentistry-first-year-entry/fees-and-funding/,"University of Manchester",course:manchester/bds:international_fee_gbp:2025/26
S197,12,"Other healthcare subjects",2,"VERIFY-ON-PAGE 2",https://www.manchester.ac.uk/study/undergraduate/courses/2025/07958/mpharm-pharmacy-with-a-foundation-year,"University of Manchester","course:manchester/mpharm-foundation:foundation_route course:manchester/mpharm-foundation:international_fee_gbp:2025/26"
S198,12,"Other healthcare subjects",3,"VERIFY-ON-PAGE 3",https://www.mmu.ac.uk/study/undergraduate/course/bsc-adult-nursing/september-2026/,"Manchester Metropolitan University","course:manchester-metropolitan/adult-nursing:international_fee_gbp:2026/27 course:manchester-metropolitan/adult-nursing:a_level_requirement course:manchester-metropolitan/adult-nursing:english_language_requirement"
S199,12,"Other healthcare subjects",3,"VERIFY-ON-PAGE 3",https://www.nottingham.ac.uk/ugstudy/course/pharmacy-mpharm,"University of Nottingham","course:nottingham/mpharm:international_fee_gbp:2026/27 course:nottingham/mpharm:a_level_requirement course:nottingham/mpharm:english_language_requirement"
S200,12,"Other healthcare subjects",1,"VERIFY-ON-PAGE 1",https://www.southampton.ac.uk/study/fees-funding/scholarships/global-talent-in-adult-nursing-scholarship,"University of Southampton",course:southampton/adult-nursing:scholarship
S201,12,"Other healthcare subjects",1,"VERIFY-ON-PAGE 1",https://www.sunderland.ac.uk/all-fees/,"University of Sunderland",course:sunderland/mpharm:international_fee_gbp:2026/27
S202,12,"Other healthcare subjects",2,"VERIFY-ON-PAGE 2",https://www.ucl.ac.uk/prospective-students/undergraduate/degrees/pharmacy-integrated-foundation-training-mpharm,"University College London","course:ucl/mpharm-integrated-foundation-training:international_accepted course:ucl/mpharm-integrated-foundation-training:international_fee_gbp:2026/27"
