ref,priority,priority_area,source_group,facts_on_source,subject,key,academic_year,current_value,source_url,status,notes,decision,verified_value,new_source_url,reviewer_note,verified_on
topic:ucas-2027:deadline_main:2027,1,UCAS Medicine deadlines,S001,7,UCAS 2027 entry,deadline_main,2027,"13 January 2027, 18:00 (UK time)",https://www.ucas.com/undergraduate/applying-university/ucas-undergraduate-when-apply,VERIFY-ON-PAGE,Equal-consideration deadline for most other courses.,,,,,
topic:ucas-2027:deadline_medicine:2027,1,UCAS Medicine deadlines,S001,7,UCAS 2027 entry,deadline_medicine,2027,"15 October 2026, 18:00 (UK time)",https://www.ucas.com/undergraduate/applying-university/ucas-undergraduate-when-apply,VERIFY-ON-PAGE,"Equal-consideration deadline for medicine, dentistry, veterinary medicine/science, and Oxford and Cambridge.",,,,,
topic:ucat-2026:access_arrangements_deadline:2027,2,UCAT dates and rules,S002,7,UCAT 2026 (for 2027 entry),access_arrangements_deadline,2027,"10 September 2026, 15:00 (UK time)",https://www.ucat.ac.uk/ucat/dates-and-fees/,VERIFY-ON-PAGE,Extra time or other adjustments must be approved before booking the test.,,,,,
topic:ucat-2026:booking_deadline:2027,2,UCAT dates and rules,S002,7,UCAT 2026 (for 2027 entry),booking_deadline,2027,"16 September 2026, 15:00 (UK time); registration closes at the same time, no exceptions",https://www.ucat.ac.uk/ucat/dates-and-fees/,VERIFY-ON-PAGE,,,,,,
topic:ucat-2026:booking_opens:2027,2,UCAT dates and rules,S002,7,UCAT 2026 (for 2027 entry),booking_opens,2027,23 June 2026,https://www.ucat.ac.uk/ucat/dates-and-fees/,VERIFY-ON-PAGE,,,,,,
topic:ucat-2026:registration_window:2027,2,UCAT dates and rules,S002,7,UCAT 2026 (for 2027 entry),registration_window,2027,20 May – 16 September 2026,https://www.ucat.ac.uk/ucat/dates-and-fees/,VERIFY-ON-PAGE,,,,,,
topic:ucat-2026:results_to_candidates:2027,2,UCAT dates and rules,S002,7,UCAT 2026 (for 2027 entry),results_to_candidates,2027,Candidates receive their score report shortly after the test (reported); official wording not yet located,https://www.ucat.ac.uk/ucat/dates-and-fees/,NOT_FOUND,Confirm on ucat.ac.uk before showing.,,,,,
topic:ucat-2026:results_to_universities:2027,2,UCAT dates and rules,S002,7,UCAT 2026 (for 2027 entry),results_to_universities,2027,Early November 2026,https://www.ucat.ac.uk/ucat/dates-and-fees/,VERIFY-ON-PAGE,,,,,,
topic:ucat-2026:testing_window:2027,2,UCAT dates and rules,S002,7,UCAT 2026 (for 2027 entry),testing_window,2027,13 July – 24 September 2026,https://www.ucat.ac.uk/ucat/dates-and-fees/,VERIFY-ON-PAGE,,,,,,
topic:ucat-2026:test_centres_nigeria:2027,2,UCAT dates and rules,S003,1,UCAT 2026 (for 2027 entry),test_centres_nigeria,2027,"Delivered at Pearson VUE test centres; Lagos and Abuja reported as the practical options, with limited capacity",https://www.ucat.ac.uk/ucat/registration-booking/test-centres/,NOT_FOUND,Official centre list not reached in research; confirm.,,,,,
topic:ucat-2026:fee_international_gbp:2027,2,UCAT dates and rules,S004,2,UCAT 2026 (for 2027 entry),fee_international_gbp,2027,115,https://www.ucat.ac.uk/ucat/registration-booking/test-fees-bursaries/,NOT_FOUND,Seen on secondary sources; confirm on ucat.ac.uk.,,,,,
topic:ucat-2026:fee_uk_gbp:2027,2,UCAT dates and rules,S004,2,UCAT 2026 (for 2027 entry),fee_uk_gbp,2027,70,https://www.ucat.ac.uk/ucat/registration-booking/test-fees-bursaries/,NOT_FOUND,Seen on secondary sources; confirm on ucat.ac.uk.,,,,,
topic:ucat-2026:structure:2027,2,UCAT dates and rules,S005,2,UCAT 2026 (for 2027 entry),structure,2027,"Verbal Reasoning, Decision Making, Quantitative Reasoning, plus the Situational Judgement Test. Abstract Reasoning was removed from 2025. Cognitive total is scored out of 2700",https://www.ucat.ac.uk/ucat/test-format/,VERIFY-ON-PAGE,Older benchmarks out of 3600 no longer apply.,,,,,
topic:ucat-2026:subtests:2027,2,UCAT dates and rules,S005,2,UCAT 2026 (for 2027 entry),subtests,2027,Verbal Reasoning 44 questions / 22 minutes; Decision Making 35 / 37; Quantitative Reasoning 36 / 26; Situational Judgement about 69 / 26. Each cognitive subtest scaled 300–900; SJT reported in Bands 1–4,https://www.ucat.ac.uk/ucat/test-format/,NOT_FOUND,Reported by secondary sources; confirm counts and timings on the official test-format page.,,,,,
topic:gmc-registration:foundation_eligibility:2027,3,GMC status and registration,S006,1,GMC registration and Foundation training,foundation_eligibility,2027,International graduates of UK medical schools apply to the UK Foundation Programme on the same basis as home graduates; right-to-work evidence is required after allocation and visa sponsorship is arranged for those who need it,https://foundationprogramme.nhs.uk/,VERIFY-ON-PAGE,,,,,,
university:aston:gmc_status,3,GMC status and registration,S007,1,Aston University,gmc_status,,Full GMC approval (awarding body),https://www.aston.ac.uk/latest-news/aston-medical-school-given-full-approval-general-medical-council,VERIFY-ON-PAGE,,,,,,
university:anglia-ruskin:gmc_status,3,GMC status and registration,S008,40,Anglia Ruskin University,gmc_status,,Listed as awarding body; Medical Doctor Degree Apprenticeship programme separately under GMC review,https://www.gmc-uk.org/education/how-we-quality-assure-education-and-training/approving-education-and-training/institutions-awarding-uk-medical-degrees/list-of-awarding-bodies-and-new-schools,VERIFY-ON-PAGE,,,,,,
university:brighton-sussex:gmc_status,3,GMC status and registration,S008,40,Brighton and Sussex Medical School,gmc_status,,Awarding body,https://www.gmc-uk.org/education/how-we-quality-assure-education-and-training/approving-education-and-training/institutions-awarding-uk-medical-degrees/list-of-awarding-bodies-and-new-schools,VERIFY-ON-PAGE,,,,,,
university:cardiff:gmc_status,3,GMC status and registration,S008,40,Cardiff University,gmc_status,,Awarding body,https://www.gmc-uk.org/education/how-we-quality-assure-education-and-training/approving-education-and-training/institutions-awarding-uk-medical-degrees/list-of-awarding-bodies-and-new-schools,VERIFY-ON-PAGE,,,,,,
university:st-georges-london:gmc_status,3,GMC status and registration,S008,40,"City St George's, University of London",gmc_status,,Awarding body,https://www.gmc-uk.org/education/how-we-quality-assure-education-and-training/approving-education-and-training/institutions-awarding-uk-medical-degrees/list-of-awarding-bodies-and-new-schools,VERIFY-ON-PAGE,,,,,,
university:edge-hill:gmc_status,3,GMC status and registration,S008,40,Edge Hill University,gmc_status,,Awarding body,https://www.gmc-uk.org/education/how-we-quality-assure-education-and-training/approving-education-and-training/institutions-awarding-uk-medical-degrees/list-of-awarding-bodies-and-new-schools,VERIFY-ON-PAGE,,,,,,
university:hull-york:gmc_status,3,GMC status and registration,S008,40,Hull York Medical School,gmc_status,,Awarding body (listed as Hull York Medical School),https://www.gmc-uk.org/education/how-we-quality-assure-education-and-training/approving-education-and-training/institutions-awarding-uk-medical-degrees/list-of-awarding-bodies-and-new-schools,VERIFY-ON-PAGE,,,,,,
university:imperial:gmc_status,3,GMC status and registration,S008,40,Imperial College London,gmc_status,,Awarding body,https://www.gmc-uk.org/education/how-we-quality-assure-education-and-training/approving-education-and-training/institutions-awarding-uk-medical-degrees/list-of-awarding-bodies-and-new-schools,VERIFY-ON-PAGE,,,,,,
university:keele:gmc_status,3,GMC status and registration,S008,40,Keele University,gmc_status,,Awarding body,https://www.gmc-uk.org/education/how-we-quality-assure-education-and-training/approving-education-and-training/institutions-awarding-uk-medical-degrees/list-of-awarding-bodies-and-new-schools,VERIFY-ON-PAGE,,,,,,
university:kent-medway:gmc_status,3,GMC status and registration,S008,40,Kent and Medway Medical School,gmc_status,,Awarding body (listed as Kent and Medway Medical School),https://www.gmc-uk.org/education/how-we-quality-assure-education-and-training/approving-education-and-training/institutions-awarding-uk-medical-degrees/list-of-awarding-bodies-and-new-schools,VERIFY-ON-PAGE,,,,,,
university:lancaster:gmc_status,3,GMC status and registration,S008,40,Lancaster University,gmc_status,,Awarding body,https://www.gmc-uk.org/education/how-we-quality-assure-education-and-training/approving-education-and-training/institutions-awarding-uk-medical-degrees/list-of-awarding-bodies-and-new-schools,VERIFY-ON-PAGE,,,,,,
university:newcastle:gmc_status,3,GMC status and registration,S008,40,Newcastle University,gmc_status,,Awarding body,https://www.gmc-uk.org/education/how-we-quality-assure-education-and-training/approving-education-and-training/institutions-awarding-uk-medical-degrees/list-of-awarding-bodies-and-new-schools,VERIFY-ON-PAGE,,,,,,
university:queen-mary-london:gmc_status,3,GMC status and registration,S008,40,Queen Mary University of London,gmc_status,,Awarding body,https://www.gmc-uk.org/education/how-we-quality-assure-education-and-training/approving-education-and-training/institutions-awarding-uk-medical-degrees/list-of-awarding-bodies-and-new-schools,VERIFY-ON-PAGE,,,,,,
university:queens-belfast:gmc_status,3,GMC status and registration,S008,40,Queen's University Belfast,gmc_status,,Awarding body,https://www.gmc-uk.org/education/how-we-quality-assure-education-and-training/approving-education-and-training/institutions-awarding-uk-medical-degrees/list-of-awarding-bodies-and-new-schools,VERIFY-ON-PAGE,,,,,,
university:scotgem:gmc_status,3,GMC status and registration,S008,40,ScotGEM (St Andrews and Dundee),gmc_status,,Listed as awarding combination ('Scottish Graduate Entry Medicine'),https://www.gmc-uk.org/education/how-we-quality-assure-education-and-training/approving-education-and-training/institutions-awarding-uk-medical-degrees/list-of-awarding-bodies-and-new-schools,VERIFY-ON-PAGE,,,,,,
university:swansea:gmc_status,3,GMC status and registration,S008,40,Swansea University,gmc_status,,Awarding body,https://www.gmc-uk.org/education/how-we-quality-assure-education-and-training/approving-education-and-training/institutions-awarding-uk-medical-degrees/list-of-awarding-bodies-and-new-schools,VERIFY-ON-PAGE,,,,,,
university:ulster:gmc_status,3,GMC status and registration,S008,40,Ulster University,gmc_status,,Awarding body,https://www.gmc-uk.org/education/how-we-quality-assure-education-and-training/approving-education-and-training/institutions-awarding-uk-medical-degrees/list-of-awarding-bodies-and-new-schools,VERIFY-ON-PAGE,,,,,,
university:ucl:gmc_status,3,GMC status and registration,S008,40,University College London,gmc_status,,Awarding body,https://www.gmc-uk.org/education/how-we-quality-assure-education-and-training/approving-education-and-training/institutions-awarding-uk-medical-degrees/list-of-awarding-bodies-and-new-schools,VERIFY-ON-PAGE,,,,,,
university:aberdeen:gmc_status,3,GMC status and registration,S008,40,University of Aberdeen,gmc_status,,Awarding body,https://www.gmc-uk.org/education/how-we-quality-assure-education-and-training/approving-education-and-training/institutions-awarding-uk-medical-degrees/list-of-awarding-bodies-and-new-schools,VERIFY-ON-PAGE,,,,,,
university:birmingham:gmc_status,3,GMC status and registration,S008,40,University of Birmingham,gmc_status,,Awarding body,https://www.gmc-uk.org/education/how-we-quality-assure-education-and-training/approving-education-and-training/institutions-awarding-uk-medical-degrees/list-of-awarding-bodies-and-new-schools,VERIFY-ON-PAGE,,,,,,
university:bristol:gmc_status,3,GMC status and registration,S008,40,University of Bristol,gmc_status,,Awarding body,https://www.gmc-uk.org/education/how-we-quality-assure-education-and-training/approving-education-and-training/institutions-awarding-uk-medical-degrees/list-of-awarding-bodies-and-new-schools,VERIFY-ON-PAGE,,,,,,
university:buckingham:gmc_status,3,GMC status and registration,S008,40,University of Buckingham,gmc_status,,Awarding body,https://www.gmc-uk.org/education/how-we-quality-assure-education-and-training/approving-education-and-training/institutions-awarding-uk-medical-degrees/list-of-awarding-bodies-and-new-schools,VERIFY-ON-PAGE,,,,,,
university:cambridge:gmc_status,3,GMC status and registration,S008,40,University of Cambridge,gmc_status,,Awarding body,https://www.gmc-uk.org/education/how-we-quality-assure-education-and-training/approving-education-and-training/institutions-awarding-uk-medical-degrees/list-of-awarding-bodies-and-new-schools,VERIFY-ON-PAGE,,,,,,
university:dundee:gmc_status,3,GMC status and registration,S008,40,University of Dundee,gmc_status,,Awarding body,https://www.gmc-uk.org/education/how-we-quality-assure-education-and-training/approving-education-and-training/institutions-awarding-uk-medical-degrees/list-of-awarding-bodies-and-new-schools,VERIFY-ON-PAGE,,,,,,
university:east-anglia:gmc_status,3,GMC status and registration,S008,40,University of East Anglia,gmc_status,,Awarding body,https://www.gmc-uk.org/education/how-we-quality-assure-education-and-training/approving-education-and-training/institutions-awarding-uk-medical-degrees/list-of-awarding-bodies-and-new-schools,VERIFY-ON-PAGE,,,,,,
university:edinburgh:gmc_status,3,GMC status and registration,S008,40,University of Edinburgh,gmc_status,,Awarding body,https://www.gmc-uk.org/education/how-we-quality-assure-education-and-training/approving-education-and-training/institutions-awarding-uk-medical-degrees/list-of-awarding-bodies-and-new-schools,VERIFY-ON-PAGE,,,,,,
university:exeter:gmc_status,3,GMC status and registration,S008,40,University of Exeter,gmc_status,,Awarding body,https://www.gmc-uk.org/education/how-we-quality-assure-education-and-training/approving-education-and-training/institutions-awarding-uk-medical-degrees/list-of-awarding-bodies-and-new-schools,VERIFY-ON-PAGE,,,,,,
university:glasgow:gmc_status,3,GMC status and registration,S008,40,University of Glasgow,gmc_status,,Awarding body,https://www.gmc-uk.org/education/how-we-quality-assure-education-and-training/approving-education-and-training/institutions-awarding-uk-medical-degrees/list-of-awarding-bodies-and-new-schools,VERIFY-ON-PAGE,,,,,,
university:lancashire:gmc_status,3,GMC status and registration,S008,40,University of Lancashire,gmc_status,,Awarding body (listed as University of Lancashire),https://www.gmc-uk.org/education/how-we-quality-assure-education-and-training/approving-education-and-training/institutions-awarding-uk-medical-degrees/list-of-awarding-bodies-and-new-schools,VERIFY-ON-PAGE,,,,,,
university:leeds:gmc_status,3,GMC status and registration,S008,40,University of Leeds,gmc_status,,Awarding body,https://www.gmc-uk.org/education/how-we-quality-assure-education-and-training/approving-education-and-training/institutions-awarding-uk-medical-degrees/list-of-awarding-bodies-and-new-schools,VERIFY-ON-PAGE,,,,,,
university:leicester:gmc_status,3,GMC status and registration,S008,40,University of Leicester,gmc_status,,Awarding body,https://www.gmc-uk.org/education/how-we-quality-assure-education-and-training/approving-education-and-training/institutions-awarding-uk-medical-degrees/list-of-awarding-bodies-and-new-schools,VERIFY-ON-PAGE,,,,,,
university:liverpool:gmc_status,3,GMC status and registration,S008,40,University of Liverpool,gmc_status,,Awarding body,https://www.gmc-uk.org/education/how-we-quality-assure-education-and-training/approving-education-and-training/institutions-awarding-uk-medical-degrees/list-of-awarding-bodies-and-new-schools,VERIFY-ON-PAGE,,,,,,
university:manchester:gmc_status,3,GMC status and registration,S008,40,University of Manchester,gmc_status,,Awarding body,https://www.gmc-uk.org/education/how-we-quality-assure-education-and-training/approving-education-and-training/institutions-awarding-uk-medical-degrees/list-of-awarding-bodies-and-new-schools,VERIFY-ON-PAGE,,,,,,
university:nottingham:gmc_status,3,GMC status and registration,S008,40,University of Nottingham,gmc_status,,Awarding body,https://www.gmc-uk.org/education/how-we-quality-assure-education-and-training/approving-education-and-training/institutions-awarding-uk-medical-degrees/list-of-awarding-bodies-and-new-schools,VERIFY-ON-PAGE,,,,,,
university:oxford:gmc_status,3,GMC status and registration,S008,40,University of Oxford,gmc_status,,Awarding body,https://www.gmc-uk.org/education/how-we-quality-assure-education-and-training/approving-education-and-training/institutions-awarding-uk-medical-degrees/list-of-awarding-bodies-and-new-schools,VERIFY-ON-PAGE,,,,,,
university:plymouth:gmc_status,3,GMC status and registration,S008,40,University of Plymouth,gmc_status,,Awarding body,https://www.gmc-uk.org/education/how-we-quality-assure-education-and-training/approving-education-and-training/institutions-awarding-uk-medical-degrees/list-of-awarding-bodies-and-new-schools,VERIFY-ON-PAGE,,,,,,
university:sheffield:gmc_status,3,GMC status and registration,S008,40,University of Sheffield,gmc_status,,Awarding body,https://www.gmc-uk.org/education/how-we-quality-assure-education-and-training/approving-education-and-training/institutions-awarding-uk-medical-degrees/list-of-awarding-bodies-and-new-schools,VERIFY-ON-PAGE,,,,,,
university:southampton:gmc_status,3,GMC status and registration,S008,40,University of Southampton,gmc_status,,Awarding body,https://www.gmc-uk.org/education/how-we-quality-assure-education-and-training/approving-education-and-training/institutions-awarding-uk-medical-degrees/list-of-awarding-bodies-and-new-schools,VERIFY-ON-PAGE,,,,,,
university:sunderland:gmc_status,3,GMC status and registration,S008,40,University of Sunderland,gmc_status,,Awarding body,https://www.gmc-uk.org/education/how-we-quality-assure-education-and-training/approving-education-and-training/institutions-awarding-uk-medical-degrees/list-of-awarding-bodies-and-new-schools,VERIFY-ON-PAGE,,,,,,
university:warwick:gmc_status,3,GMC status and registration,S008,40,University of Warwick,gmc_status,,Awarding body,https://www.gmc-uk.org/education/how-we-quality-assure-education-and-training/approving-education-and-training/institutions-awarding-uk-medical-degrees/list-of-awarding-bodies-and-new-schools,VERIFY-ON-PAGE,,,,,,
university:bangor:gmc_status,3,GMC status and registration,S009,13,Bangor University,gmc_status,,New school under GMC review,https://www.gmc-uk.org/education/how-we-quality-assure-education-and-training/approving-education-and-training/institutions-awarding-uk-medical-degrees/new-schools-and-programmes-under-review,VERIFY-ON-PAGE,,,,,,
university:brunel:gmc_status,3,GMC status and registration,S009,13,Brunel University of London,gmc_status,,New school under GMC review (not yet on awarding-body list),https://www.gmc-uk.org/education/how-we-quality-assure-education-and-training/approving-education-and-training/institutions-awarding-uk-medical-degrees/new-schools-and-programmes-under-review,VERIFY-ON-PAGE,,,,,,
university:kings-college-london:gmc_status,3,GMC status and registration,S009,13,King's College London,gmc_status,,Awarding body; separate Graduate Entry Programme at University of Portsmouth under GMC review,https://www.gmc-uk.org/education/how-we-quality-assure-education-and-training/approving-education-and-training/institutions-awarding-uk-medical-degrees/new-schools-and-programmes-under-review,VERIFY-ON-PAGE,,,,,,
university:pears-cumbria:gmc_status,3,GMC status and registration,S009,13,Pears Cumbria School of Medicine,gmc_status,,New school under GMC review (Imperial College London - the Pears Cumbria School of Medicine),https://www.gmc-uk.org/education/how-we-quality-assure-education-and-training/approving-education-and-training/institutions-awarding-uk-medical-degrees/new-schools-and-programmes-under-review,VERIFY-ON-PAGE,,,,,,
university:st-marys-twickenham:gmc_status,3,GMC status and registration,S009,13,"St Mary's University, Twickenham",gmc_status,,New school under GMC review (planning stage per lead source),https://www.gmc-uk.org/education/how-we-quality-assure-education-and-training/approving-education-and-training/institutions-awarding-uk-medical-degrees/new-schools-and-programmes-under-review,VERIFY-ON-PAGE,,,,,,
university:chester:gmc_status,3,GMC status and registration,S009,13,University of Chester,gmc_status,,New school under GMC review,https://www.gmc-uk.org/education/how-we-quality-assure-education-and-training/approving-education-and-training/institutions-awarding-uk-medical-degrees/new-schools-and-programmes-under-review,VERIFY-ON-PAGE,,,,,,
university:greater-manchester:gmc_status,3,GMC status and registration,S009,13,University of Greater Manchester,gmc_status,,New school under GMC review; university states the programme is 'subject to the GMC's quality assurance process',https://www.gmc-uk.org/education/how-we-quality-assure-education-and-training/approving-education-and-training/institutions-awarding-uk-medical-degrees/new-schools-and-programmes-under-review,VERIFY-ON-PAGE,,,,,,
university:hertfordshire:gmc_status,3,GMC status and registration,S009,13,University of Hertfordshire,gmc_status,,New school under GMC review,https://www.gmc-uk.org/education/how-we-quality-assure-education-and-training/approving-education-and-training/institutions-awarding-uk-medical-degrees/new-schools-and-programmes-under-review,VERIFY-ON-PAGE,,,,,,
university:lincoln:gmc_status,3,GMC status and registration,S009,13,University of Lincoln,gmc_status,,New school under GMC review (University of Lincoln),https://www.gmc-uk.org/education/how-we-quality-assure-education-and-training/approving-education-and-training/institutions-awarding-uk-medical-degrees/new-schools-and-programmes-under-review,VERIFY-ON-PAGE,,,,,,
university:st-andrews:gmc_status,3,GMC status and registration,S009,13,University of St Andrews,gmc_status,,Scottish Graduate Entry Medicine (ScotGEM) listed as awarding combination; 'Scottish Community Orientated Medicine Programme' under GMC review,https://www.gmc-uk.org/education/how-we-quality-assure-education-and-training/approving-education-and-training/institutions-awarding-uk-medical-degrees/new-schools-and-programmes-under-review,VERIFY-ON-PAGE,,,,,,
university:surrey:gmc_status,3,GMC status and registration,S009,13,University of Surrey,gmc_status,,New school under GMC review,https://www.gmc-uk.org/education/how-we-quality-assure-education-and-training/approving-education-and-training/institutions-awarding-uk-medical-degrees/new-schools-and-programmes-under-review,VERIFY-ON-PAGE,,,,,,
university:worcester:gmc_status,3,GMC status and registration,S009,13,University of Worcester,gmc_status,,New school under GMC review,https://www.gmc-uk.org/education/how-we-quality-assure-education-and-training/approving-education-and-training/institutions-awarding-uk-medical-degrees/new-schools-and-programmes-under-review,VERIFY-ON-PAGE,,,,,,
topic:gmc-registration:mla:2027,3,GMC status and registration,S010,1,GMC registration and Foundation training,mla,2027,All UK medical graduates from the 2024/25 academic year onwards must pass the Medical Licensing Assessment (AKT and CPSA) as part of their degree before provisional registration,https://www.gmc-uk.org/education/medical-licensing-assessment,VERIFY-ON-PAGE,Nationality is not a criterion.,,,,,
topic:gmc-registration:provisional_registration:2027,3,GMC status and registration,S011,1,GMC registration and Foundation training,provisional_registration,2027,UK graduates apply to the GMC for provisional registration to begin Foundation Year 1,https://www.gmc-uk.org/registration-and-licensing/join-the-register/provisional-registration,VERIFY-ON-PAGE,,,,,,
topic:gmc-registration:f1_visa_route:2027,3,GMC status and registration,S012,1,GMC registration and Foundation training,f1_visa_route,2027,Health and Care Worker visa (Skilled Worker route) with the employing trust as sponsor,https://www.gov.uk/health-care-worker-visa,VERIFY-ON-PAGE,,,,,,
topic:gmc-registration:prioritisation_act:2027,3,GMC status and registration,S013,1,GMC registration and Foundation training,prioritisation_act,2027,"The Medical Training (Prioritisation) Act 2026 (2026 c. 7) defines a ""UK medical graduate"" as a holder of a primary UK qualification under the Medical Act 1983, excluding anyone who spent all or most of the training for it outside the British Islands",https://www.legislation.gov.uk/ukpga/2026/7,VERIFY-ON-PAGE,"From a 2026-10-04 search snippet of legislation.gov.uk; read the Act (definition section and commencement) before verifying. Royal Assent date (reported 5 March 2026) and application to Foundation Programme allocation come from BMA pages, not the Act: confirm separately.",,,,,
