ref,priority,subject,key,academic_year,current_value,source_url,status,notes,decision,verified_value,new_source_url,reviewer_note,verified_on
course:liverpool/a100:clinical_years_fee_differs:2026/27,1,University of Liverpool · A100 5-year Programme (MBChB),clinical_years_fee_differs,2026/27,no,https://www.liverpool.ac.uk/courses/medicine-and-surgery-mbchb,VERIFY-ON-PAGE,,,,,,
course:liverpool/a100:international_fee_gbp:2026/27,1,University of Liverpool · A100 5-year Programme (MBChB),international_fee_gbp,2026/27,50000,https://www.liverpool.ac.uk/courses/medicine-and-surgery-mbchb,VERIFY-ON-PAGE,"£50,000/yr; optional year abroad (China) fee £25,000. 2027/28 subject to change. Tuition fee deposit page exists (amount not captured). VERIFY-ON-PAGE. [OFFICIAL]",,,,,
course:swansea/graduate-entry:clinical_years_fee_differs:2026/27,1,Swansea University · A101 Medicine (Graduate Entry) MB BCh (4 years),clinical_years_fee_differs,2026/27,no,https://www.swansea.ac.uk/undergraduate/courses/medicine/medicine-graduate-entry-mbbch/,VERIFY-ON-PAGE,,,,,,
course:swansea/graduate-entry:international_fee_gbp:2026/27,1,Swansea University · A101 Medicine (Graduate Entry) MB BCh (4 years),international_fee_gbp,2026/27,48350,https://www.swansea.ac.uk/undergraduate/courses/medicine/medicine-graduate-entry-mbbch/,VERIFY-ON-PAGE,"GRADUATE ENTRY ONLY. £48,350 (Sept 2026 entry); £50,750 published for Sept 2027 entry. 3% annual increase for continuing students. VERIFY-ON-PAGE. [OFFICIAL]",,,,,
course:warwick/graduate-entry:clinical_years_fee_differs:2026/27,1,University of Warwick · A101 Medicine MB ChB Graduate Entry (4 years),clinical_years_fee_differs,2026/27,yes,https://warwick.ac.uk/services/finance/studentfinance/fees/overseasfees/,VERIFY-ON-PAGE,,,,,,
course:warwick/graduate-entry:international_fee_gbp:2026/27,1,University of Warwick · A101 Medicine MB ChB Graduate Entry (4 years),international_fee_gbp,2026/27,32510,https://warwick.ac.uk/services/finance/studentfinance/fees/overseasfees/,VERIFY-ON-PAGE,"GRADUATE ENTRY ONLY. Year 1 £32,510; years 2-4 £56,660 each. Inflationary uplift possible. VERIFY-ON-PAGE. [OFFICIAL]",,,,,
course:kent-medway/a100 (institution code k31):clinical_years_fee_differs:2026/27,1,Kent and Medway Medical School · BM BS Medicine,clinical_years_fee_differs,2026/27,no,https://kmms.ac.uk/study/funding-your-degree/,VERIFY-ON-PAGE,,,,,,
course:brighton-sussex/a100:international_fee_gbp:2026/27,1,Brighton and Sussex Medical School · BM BS Medicine,international_fee_gbp,2026/27,49000,https://www.theukcatpeople.co.uk/post/uk-medical-school-tuition-fees-for-international-students-to-study-medicine,VERIFY-ON-PAGE,From schools dataset; fee year assumed 2026/27 — confirm.,,,,,
course:kent-medway/a100 (institution code k31):international_fee_gbp:2026/27,1,Kent and Medway Medical School · BM BS Medicine,international_fee_gbp,2026/27,49700,https://kmms.ac.uk/study/funding-your-degree/,VERIFY-ON-PAGE,"£49,700/yr. KMMS funding page captured in results; figure should be checked against it. VERIFY-ON-PAGE. [OFFICIAL (page captured; figure to confirm)]",,,,,
course:exeter/a100:clinical_years_fee_differs:2026/27,1,University of Exeter · BMBS Medicine,clinical_years_fee_differs,2026/27,no,https://www.exeter.ac.uk/undergraduate-degrees/fees/,VERIFY-ON-PAGE,,,,,,
course:exeter/a100:international_fee_gbp:2026/27,1,University of Exeter · BMBS Medicine,international_fee_gbp,2026/27,48900,https://www.exeter.ac.uk/undergraduate-degrees/fees/,VERIFY-ON-PAGE,"£48,900/yr. Official UG fees page captured. VERIFY-ON-PAGE. [OFFICIAL]",,,,,
course:hull-york/a100:clinical_years_fee_differs:2026/27,1,Hull York Medical School · MB BS Medicine,clinical_years_fee_differs,2026/27,no,https://www.hyms.ac.uk/medicine/applying/fees-and-funding,VERIFY-ON-PAGE,,,,,,
course:hull-york/a100:international_fee_gbp:2026/27,1,Hull York Medical School · MB BS Medicine,international_fee_gbp,2026/27,49750,https://www.hyms.ac.uk/medicine/applying/fees-and-funding,VERIFY-ON-PAGE,"£49,750/yr; subsequent years increase with CPI up to max 10%. International Excellence Scholarships (up to 4, 5% of fee, 2025 entry). VERIFY-ON-PAGE. [OFFICIAL]",,,,,
course:bristol/a100:clinical_years_fee_differs:2026/27,1,University of Bristol · MB ChB Medicine,clinical_years_fee_differs,2026/27,no,https://www.bristol.ac.uk/study/undergraduate/fees-funding/,VERIFY-ON-PAGE,,,,,,
course:bristol/a100:international_fee_gbp:2026/27,1,University of Bristol · MB ChB Medicine,international_fee_gbp,2026/27,45800,https://www.bristol.ac.uk/study/undergraduate/fees-funding/,VERIFY-ON-PAGE,"£45,800 figure from aggregator; bristol.ac.uk fees landing page captured but not the course-specific figure. LEAD - VERIFY-ON-PAGE. [LEAD (agent/prep site)]",,,,,
course:ucl/medicine:clinical_years_fee_differs:2026/27,1,University College London · MBBS,clinical_years_fee_differs,2026/27,yes,https://www.ucl.ac.uk/prospective-students/undergraduate/degrees/medicine-mbbs-bsc-2026,VERIFY-ON-PAGE,,,,,,
course:ucl/medicine:international_fee_gbp:2026/27,1,University College London · MBBS,international_fee_gbp,2026/27,57300,https://www.ucl.ac.uk/prospective-students/undergraduate/degrees/medicine-mbbs-bsc-2026,VERIFY-ON-PAGE,"Official overseas fee £57,300 (2026/27). Payment structure reported as 2 x £39,200 + 3 x £69,367 instalments; annual increases capped at RPI-X. Medicine excluded from UCL international fee guarantee. 2027/28 NOT PUBLISHED. VERIFY-ON-PAGE. [OFFICIAL]",,,,,
course:kings-college-london/a100:clinical_years_fee_differs:2026/27,1,King's College London · MBBS Medicine,clinical_years_fee_differs,2026/27,no,https://www.theukcatpeople.co.uk/post/uk-medical-school-tuition-fees-for-international-students-to-study-medicine,VERIFY-ON-PAGE,,,,,,
course:queen-mary-london/a100:clinical_years_fee_differs:2026/27,1,Queen Mary University of London · MBBS Medicine,clinical_years_fee_differs,2026/27,no,https://www.qmul.ac.uk/registry-services/media/arcs/student-enquiry-centre/UG-2526-Schedule-(1).pdf,VERIFY-ON-PAGE,,,,,,
course:east-anglia/a100:clinical_years_fee_differs:2026/27,1,University of East Anglia · MBBS Medicine,clinical_years_fee_differs,2026/27,no,https://www.theukcatpeople.co.uk/post/uk-medical-school-tuition-fees-for-international-students-to-study-medicine,VERIFY-ON-PAGE,,,,,,
course:kings-college-london/a100:international_fee_gbp:2026/27,1,King's College London · MBBS Medicine,international_fee_gbp,2026/27,56800,https://www.theukcatpeople.co.uk/post/uk-medical-school-tuition-fees-for-international-students-to-study-medicine,VERIFY-ON-PAGE,"£56,800/yr and £5,000 deposit figures came from aggregator/agent results; no kcl.ac.uk course page captured. Subject to annual increases. LEAD - VERIFY-ON-PAGE at kcl.ac.uk. [LEAD (agent/prep site)]",,,,,
course:queen-mary-london/a100:international_fee_gbp:2026/27,1,Queen Mary University of London · MBBS Medicine,international_fee_gbp,2026/27,,https://www.qmul.ac.uk/registry-services/media/arcs/student-enquiry-centre/UG-2526-Schedule-(1).pdf,VERIFY-ON-PAGE,"CONFLICTING figures in results: £49,950 vs £53,950 per year. Only official doc captured is the 2025/26 UG fee schedule PDF. QMUL states 2027/28 fees not yet set. VERIFY-ON-PAGE before use. [CONFLICTING - VERIFY]",,,,,
course:east-anglia/a100:international_fee_gbp:2026/27,1,University of East Anglia · MBBS Medicine,international_fee_gbp,2026/27,47500,https://www.theukcatpeople.co.uk/post/uk-medical-school-tuition-fees-for-international-students-to-study-medicine,VERIFY-ON-PAGE,"£47,500 figure and £4,000 refundable deposit / 4% continuing-increase cap came from aggregator results; no uea.ac.uk page captured. LEAD - VERIFY-ON-PAGE. [LEAD (agent/prep site)]",,,,,
course:manchester/a100:clinical_years_fee_differs:2026/27,1,University of Manchester · MBChB Medicine,clinical_years_fee_differs,2026/27,yes,https://www.manchester.ac.uk/study/undergraduate/courses/2027/01428/mbchb-medicine/,VERIFY-ON-PAGE,,,,,,
course:keele/a100 (also a104 with health foundation year):clinical_years_fee_differs:2026/27,1,Keele University · MBChB Medicine,clinical_years_fee_differs,2026/27,no,https://www.keele.ac.uk/study/undergraduate/tuitionfeesandfunding/undergraduatetuitionfees/undergraduatetuitionfeesinternationalstudents/,VERIFY-ON-PAGE,,,,,,
course:aston/a100:clinical_years_fee_differs:2026/27,1,Aston University · MBChB Medicine,clinical_years_fee_differs,2026/27,no,https://www.topuniversities.com/universities/aston-university/undergrad/medicine-mbchb,VERIFY-ON-PAGE,,,,,,
course:greater-manchester/medicine:international_fee_gbp:2026/27,1,University of Greater Manchester · MBChB Medicine,international_fee_gbp,2026/27,45000,https://medicine.greatermanchester.ac.uk/mbchb-medicine-programme-details/,VERIFY-ON-PAGE,From schools dataset; fee year assumed 2026/27 — confirm.,,,,,
course:manchester/a100:international_fee_gbp:2026/27,1,University of Manchester · MBChB Medicine,international_fee_gbp,2026/27,39900,https://www.manchester.ac.uk/study/undergraduate/courses/2027/01428/mbchb-medicine/,VERIFY-ON-PAGE,"Pre-clinical (years 1-2) £39,900; clinical (years 3-5) £60,900 for students entering clinical phase in 2026/27. Clinical fee set at the rate applicable on entering Year 3. 2027-entry course page exists. VERIFY-ON-PAGE. [OFFICIAL]",,,,,
course:keele/a100 (also a104 with health foundation year):international_fee_gbp:2026/27,1,Keele University · MBChB Medicine,international_fee_gbp,2026/27,46700,https://www.keele.ac.uk/study/undergraduate/tuitionfeesandfunding/undergraduatetuitionfees/undergraduatetuitionfeesinternationalstudents/,VERIFY-ON-PAGE,"£46,700/yr, outside standard fee bands. VERIFY-ON-PAGE. [OFFICIAL]",,,,,
course:aston/a100:international_fee_gbp:2026/27,1,Aston University · MBChB Medicine,international_fee_gbp,2026/27,47000,https://www.topuniversities.com/universities/aston-university/undergrad/medicine-mbchb,VERIFY-ON-PAGE,"£47,000/yr and 'fixed fee for duration' claim came from aggregator (TopUniversities); no aston.ac.uk page captured. LEAD - VERIFY-ON-PAGE. [LEAD (agent/prep site)]",,,,,
course:leeds/a100 (also i900 gateway year to medicine):clinical_years_fee_differs:2027/28,1,University of Leeds · MBChB Medicine and Surgery,clinical_years_fee_differs,2027/28,no,https://courses.leeds.ac.uk/5580/medicine-and-surgery-mbchb,VERIFY-ON-PAGE,,,,,,
course:leeds/a100 (also i900 gateway year to medicine):international_fee_gbp:2027/28,1,University of Leeds · MBChB Medicine and Surgery,international_fee_gbp,2027/28,50500,https://courses.leeds.ac.uk/5580/medicine-and-surgery-mbchb,VERIFY-ON-PAGE,"£50,500/yr for September 2027 start, stated as fixed for the duration of the course. Additional direct costs: criminal record checks (overseas), electives. VERIFY-ON-PAGE. [OFFICIAL]",,,,,
course:birmingham/a100:clinical_years_fee_differs:UNCLEAR (likely 2025/26 or 2026/27),1,University of Birmingham · MBChB Medicine and Surgery (five-year),clinical_years_fee_differs,UNCLEAR (likely 2025/26 or 2026/27),yes,https://www.birmingham.ac.uk/study/undergraduate/subjects/medicine-courses/medicine-and-surgery-mbchb,VERIFY-ON-PAGE,,,,,,
course:birmingham/a100:international_fee_gbp:UNCLEAR (likely 2025/26 or 2026/27),1,University of Birmingham · MBChB Medicine and Surgery (five-year),international_fee_gbp,UNCLEAR (likely 2025/26 or 2026/27),30330,https://www.birmingham.ac.uk/study/undergraduate/subjects/medicine-courses/medicine-and-surgery-mbchb,VERIFY-ON-PAGE,"Pre-clinical (years 1-2) £30,330; clinical (years 3-5) £48,660. Figures appear on official course page but fee year not confirmed in result. VERIFY-ON-PAGE including fee year. [OFFICIAL - FEE YEAR UNCONFIRMED]",,,,,
course:oxford/medicine:clinical_years_fee_differs:2026/27,1,University of Oxford · Medicine,clinical_years_fee_differs,2026/27,yes,https://www.medsci.ox.ac.uk/study/medicine/fees-and-funding,VERIFY-ON-PAGE,,,,,,
course:southampton/medicine:clinical_years_fee_differs:UNCLEAR (official page; year not confirmed),1,University of Southampton · Medicine,clinical_years_fee_differs,UNCLEAR (official page; year not confirmed),yes,https://www.southampton.ac.uk/courses/medicine-bm5-degree-bmbs,VERIFY-ON-PAGE,,,,,,
course:plymouth/medicine:clinical_years_fee_differs:2026/27,1,University of Plymouth · Medicine,clinical_years_fee_differs,2026/27,no,https://www.plymouth.ac.uk/courses/undergraduate/bmbs-bachelor-of-medicine-bachelor-of-surgery,VERIFY-ON-PAGE,,,,,,
course:lancaster/medicine:clinical_years_fee_differs:2026/27,1,Lancaster University · Medicine,clinical_years_fee_differs,2026/27,no,https://www.lancaster.ac.uk/study/undergraduate/courses/medicine-and-surgery-mbchb-a100/2026/,VERIFY-ON-PAGE,,,,,,
course:edinburgh/medicine:clinical_years_fee_differs:2026/27,1,University of Edinburgh · Medicine,clinical_years_fee_differs,2026/27,no,https://registryservices.ed.ac.uk/tuition-fees/find/undergraduate/2026-2027/medicine,VERIFY-ON-PAGE,,,,,,
course:glasgow/medicine:clinical_years_fee_differs:2026/27,1,University of Glasgow · Medicine,clinical_years_fee_differs,2026/27,no,https://www.gla.ac.uk/myglasgow/students/payingyourfees/undergraduate/2026-27/,VERIFY-ON-PAGE,,,,,,
course:aberdeen/medicine:clinical_years_fee_differs:2026/27,1,University of Aberdeen · Medicine,clinical_years_fee_differs,2026/27,no,https://www.abdn.ac.uk/media/site/students/documents/UG--Full-time-Tuition-Fees-2026-27.pdf,VERIFY-ON-PAGE,,,,,,
course:dundee/medicine:clinical_years_fee_differs:2026/27,1,University of Dundee · Medicine,clinical_years_fee_differs,2026/27,no,https://www.dundee.ac.uk/undergraduate/medicine/fees-and-funding,VERIFY-ON-PAGE,,,,,,
course:queens-belfast/medicine:clinical_years_fee_differs:2026/27,1,Queen's University Belfast · Medicine,clinical_years_fee_differs,2026/27,no,https://www.qub.ac.uk/Study/international-students/tuition-fees/fees-26-27/,VERIFY-ON-PAGE,,,,,,
course:oxford/medicine:international_fee_gbp:2026/27,1,University of Oxford · Medicine,international_fee_gbp,2026/27,49400,https://www.medsci.ox.ac.uk/study/medicine/fees-and-funding,VERIFY-ON-PAGE,"Pre-clinical (years 1-3) £49,400; clinical (years 4-6) £65,250. Government quota: max 14 overseas-fee Medicine students per year. VERIFY-ON-PAGE. [OFFICIAL]",,,,,
course:southampton/medicine:international_fee_gbp:UNCLEAR (official page; year not confirmed),1,University of Southampton · Medicine,international_fee_gbp,UNCLEAR (official page; year not confirmed),35900,https://www.southampton.ac.uk/courses/medicine-bm5-degree-bmbs,VERIFY-ON-PAGE,"Non-clinical years £35,900; clinical years 3-5 £64,900. University states overseas fees increase every year for starts from 1 Aug 2026. VERIFY-ON-PAGE including fee year. [OFFICIAL - FEE YEAR UNCONFIRMED]",,,,,
course:plymouth/medicine:international_fee_gbp:2026/27,1,University of Plymouth · Medicine,international_fee_gbp,2026/27,41920,https://www.plymouth.ac.uk/courses/undergraduate/bmbs-bachelor-of-medicine-bachelor-of-surgery,VERIFY-ON-PAGE,"£41,920/yr. International fee waiver reported: up to £6,000 (£4,000 yr1, £1,000 yr2, £1,000 final yr) - eligibility for BMBS NOT confirmed. VERIFY-ON-PAGE. [OFFICIAL]",,,,,
course:lancaster/medicine:international_fee_gbp:2026/27,1,Lancaster University · Medicine,international_fee_gbp,2026/27,48620,https://www.lancaster.ac.uk/study/undergraduate/courses/medicine-and-surgery-mbchb-a100/2026/,VERIFY-ON-PAGE,"£48,620/yr plus £40 college fee. Fees reviewed annually, not fixed. VERIFY-ON-PAGE. [OFFICIAL]",,,,,
course:edinburgh/medicine:international_fee_gbp:2026/27,1,University of Edinburgh · Medicine,international_fee_gbp,2026/27,54650,https://registryservices.ed.ac.uk/tuition-fees/find/undergraduate/2026-2027/medicine,VERIFY-ON-PAGE,"£54,650/yr, inclusive of Scottish Government ACT (NHS teaching) levy. 6-year programme. VERIFY-ON-PAGE. [OFFICIAL]",,,,,
course:glasgow/medicine:international_fee_gbp:2026/27,1,University of Glasgow · Medicine,international_fee_gbp,2026/27,62730,https://www.gla.ac.uk/myglasgow/students/payingyourfees/undergraduate/2026-27/,VERIFY-ON-PAGE,"£62,730/yr (MBChB / clinical MVLS programmes). Highest flat 5-year fee found. VERIFY-ON-PAGE. [OFFICIAL]",,,,,
course:aberdeen/medicine:international_fee_gbp:2026/27,1,University of Aberdeen · Medicine,international_fee_gbp,2026/27,50100,https://www.abdn.ac.uk/media/site/students/documents/UG--Full-time-Tuition-Fees-2026-27.pdf,VERIFY-ON-PAGE,"£50,100/yr including mandatory national (NHS teaching) levy. VERIFY-ON-PAGE. [OFFICIAL]",,,,,
course:dundee/medicine:international_fee_gbp:2026/27,1,University of Dundee · Medicine,international_fee_gbp,2026/27,55900,https://www.dundee.ac.uk/undergraduate/medicine/fees-and-funding,VERIFY-ON-PAGE,"£55,900/yr = £45,900 tuition + £10,000 Scottish Government ACT levy. VERIFY-ON-PAGE. [OFFICIAL]",,,,,
course:queens-belfast/medicine:international_fee_gbp:2026/27,1,Queen's University Belfast · Medicine,international_fee_gbp,2026/27,36900,https://www.qub.ac.uk/Study/international-students/tuition-fees/fees-26-27/,VERIFY-ON-PAGE,"Tuition approx £36,900/yr PLUS clinical placement levy £12,133 (2026/27) payable each of 5 years, not included in tuition. Effective total approx £49,033/yr. VERIFY-ON-PAGE. [OFFICIAL]",,,,,
course:lancashire/medicine:international_fee_gbp:2026/27,1,University of Lancashire · Medicine & Surgery MBBS,international_fee_gbp,2026/27,49950,https://www.theukcatpeople.co.uk/post/uk-medical-school-tuition-fees-for-international-students-to-study-medicine,VERIFY-ON-PAGE,From schools dataset; fee year assumed 2026/27 — confirm.,,,,,
course:nottingham/medicine:clinical_years_fee_differs:2026/27,1,University of Nottingham · Medicine BMBS (Hons),clinical_years_fee_differs,2026/27,yes,https://www.nottingham.ac.uk/fees/tuitionfees/202627/undergraduate.aspx,VERIFY-ON-PAGE,,,,,,
course:nottingham/medicine:international_fee_gbp:2026/27,1,University of Nottingham · Medicine BMBS (Hons),international_fee_gbp,2026/27,47000,https://www.nottingham.ac.uk/fees/tuitionfees/202627/undergraduate.aspx,VERIFY-ON-PAGE,"Years 1-2 £47,000; clinical rate years 3-5 £58,500 (2026/27; was £56,400 in 2025/26). VERIFY-ON-PAGE. [OFFICIAL]",,,,,
course:st-andrews/a100:clinical_years_fee_differs:2026/27,1,"University of St Andrews · Medicine BSc (Hons), pre-clinical",clinical_years_fee_differs,2026/27,yes,https://www.st-andrews.ac.uk/study/undergraduate/fees/world/,VERIFY-ON-PAGE,,,,,,
course:st-andrews/a100:international_fee_gbp:2026/27,1,"University of St Andrews · Medicine BSc (Hons), pre-clinical",international_fee_gbp,2026/27,39620,https://www.st-andrews.ac.uk/study/undergraduate/fees/world/,VERIFY-ON-PAGE,"£39,620/yr for the 3-year St Andrews BSc (includes Scottish levy). Overseas students then complete clinical training at University of Manchester (Manchester clinical rate applies - £60,900 in 2026/27). Annual adjustments typically 3-5%. VERIFY-ON-PAGE. [OFFICIAL]",,,,,
course:cambridge/a100:clinical_years_fee_differs:2026/27,1,University of Cambridge · Medicine MB BChir,clinical_years_fee_differs,2026/27,no,https://www.undergraduate.study.cam.ac.uk/files/publications/undergraduate_tuition_fees_2026-27.pdf,VERIFY-ON-PAGE,,,,,,
course:cambridge/a100:international_fee_gbp:2026/27,1,University of Cambridge · Medicine MB BChir,international_fee_gbp,2026/27,70554,https://www.undergraduate.study.cam.ac.uk/files/publications/undergraduate_tuition_fees_2026-27.pdf,VERIFY-ON-PAGE,"Flat £70,554/yr per official 2026-27 fee PDF. Separate annual College fee for overseas students (approx £11,500-£14,950 depending on College; range came from agent/prep sources - LEAD only). VERIFY-ON-PAGE. [OFFICIAL (tuition); LEAD (college fee)]",,,,,
course:cardiff/a100:clinical_years_fee_differs:2026/27,1,Cardiff University · Medicine MBBCh,clinical_years_fee_differs,2026/27,no,https://www.cardiff.ac.uk/study/undergraduate/courses/2026/medicine-mbbch,VERIFY-ON-PAGE,,,,,,
course:cardiff/a100:international_fee_gbp:2026/27,1,Cardiff University · Medicine MBBCh,international_fee_gbp,2026/27,47450,https://www.cardiff.ac.uk/study/undergraduate/courses/2026/medicine-mbbch,VERIFY-ON-PAGE,"£47,450/yr for all five years (2026 entry). VERIFY-ON-PAGE. [OFFICIAL]",,,,,
course:brunel/a100 (institution code b84):international_fee_gbp:2026/27,1,Brunel University of London · Medicine MBBS,international_fee_gbp,2026/27,49395,https://www.brunel.ac.uk/study/courses/medicine-mbbs,VERIFY-ON-PAGE,From schools dataset; fee year assumed 2026/27 — confirm.,,,,,
course:ulster/graduate-entry:clinical_years_fee_differs:2026/27,1,"Ulster University · Medicine MBBS (Graduate Entry, 4 years)",clinical_years_fee_differs,2026/27,no,https://www.ulster.ac.uk/student/fees/tuition-fees/international/tuition-fees-202627-international-and-eu-excluding-roi,VERIFY-ON-PAGE,,,,,,
course:ulster/graduate-entry:international_fee_gbp:2026/27,1,"Ulster University · Medicine MBBS (Graduate Entry, 4 years)",international_fee_gbp,2026/27,39630,https://www.ulster.ac.uk/student/fees/tuition-fees/international/tuition-fees-202627-international-and-eu-excluding-roi,VERIFY-ON-PAGE,"GRADUATE ENTRY. Tuition £39,630 PLUS clinical placement levy £12,133 (2026/27) each year; effective approx £51,763/yr. Ulster has published a 2027/28 international fee page (figure not captured). VERIFY-ON-PAGE. [OFFICIAL]",,,,,
course:imperial/a100:clinical_years_fee_differs:2026/27,1,Imperial College London · Medicine MBBS/BSc,clinical_years_fee_differs,2026/27,no,https://www.theukcatpeople.co.uk/post/uk-medical-school-tuition-fees-for-international-students-to-study-medicine,VERIFY-ON-PAGE,,,,,,
course:imperial/a100:international_fee_gbp:2026/27,1,Imperial College London · Medicine MBBS/BSc,international_fee_gbp,2026/27,58600,https://www.theukcatpeople.co.uk/post/uk-medical-school-tuition-fees-for-international-students-to-study-medicine,VERIFY-ON-PAGE,"£58,600/yr figure surfaced via prep/agent aggregators (theukcatpeople, others); no imperial.ac.uk page captured in results. ~74 overseas places/yr. LEAD - VERIFY-ON-PAGE at imperial.ac.uk. [LEAD (agent/prep site)]",,,,,
course:leicester/a100:clinical_years_fee_differs:2026/27,1,University of Leicester · Medicine MBChB,clinical_years_fee_differs,2026/27,yes,https://le.ac.uk/study/undergraduates/fees-funding/tuition-fees,VERIFY-ON-PAGE,,,,,,
course:leicester/a100:international_fee_gbp:2026/27,1,University of Leicester · Medicine MBChB,international_fee_gbp,2026/27,30150,https://le.ac.uk/study/undergraduates/fees-funding/tuition-fees,VERIFY-ON-PAGE,"Years 1-2 £30,150; years 3-5 £48,900. Clinical-year fees confirmed closer to those years. VERIFY-ON-PAGE. [OFFICIAL]",,,,,
course:newcastle/a100:clinical_years_fee_differs:2026/27,1,Newcastle University · Medicine and Surgery MB BS,clinical_years_fee_differs,2026/27,no,https://www.ncl.ac.uk/undergraduate/degrees/a100/,VERIFY-ON-PAGE,,,,,,
course:newcastle/a100:international_fee_gbp:2026/27,1,Newcastle University · Medicine and Surgery MB BS,international_fee_gbp,2026/27,47000,https://www.ncl.ac.uk/undergraduate/degrees/a100/,VERIFY-ON-PAGE,"£47,000 (2026/27); Year 1 fee for 2027/28 published as £48,600. Result mentioned a possible 25%-off international scholarship - eligibility for Medicine NOT confirmed. VERIFY-ON-PAGE. [OFFICIAL]",,,,,
topic:gmc-registration:f1_visa_route:2027,1,GMC registration and Foundation training,f1_visa_route,2027,Health and Care Worker visa (Skilled Worker route) with the employing trust as sponsor,https://www.gov.uk/health-care-worker-visa,VERIFY-ON-PAGE,,,,,,
topic:gmc-registration:foundation_eligibility:2027,1,GMC registration and Foundation training,foundation_eligibility,2027,International graduates of UK medical schools apply to the UK Foundation Programme on the same basis as home graduates; right-to-work evidence is required after allocation and visa sponsorship is arranged for those who need it,https://foundationprogramme.nhs.uk/,VERIFY-ON-PAGE,,,,,,
topic:gmc-registration:mla:2027,1,GMC registration and Foundation training,mla,2027,All UK medical graduates from the 2024/25 academic year onwards must pass the Medical Licensing Assessment (AKT and CPSA) as part of their degree before provisional registration,https://www.gmc-uk.org/education/medical-licensing-assessment,VERIFY-ON-PAGE,Nationality is not a criterion.,,,,,
topic:gmc-registration:prioritisation_proposal:2027,1,GMC registration and Foundation training,prioritisation_proposal,2027,The Government's 10 Year Health Plan (July 2025) and a Medical Training (Prioritisation) Bill propose prioritising UK medical graduates for specialty training from 2026–2027. Whether international UK graduates are in the priority group is not yet confirmed,https://commonslibrary.parliament.uk/,VERIFY-ON-PAGE,Proposed / in progress — not settled law. Review quarterly.,,,,,
topic:gmc-registration:provisional_registration:2027,1,GMC registration and Foundation training,provisional_registration,2027,UK graduates apply to the GMC for provisional registration to begin Foundation Year 1,https://www.gmc-uk.org/registration-and-licensing/join-the-register/provisional-registration,VERIFY-ON-PAGE,,,,,,
topic:graduate-visa:fee_gbp:2027,1,Graduate visa (post-study work),fee_gbp,2027,,https://www.gov.uk/graduate-visa,NOT_FOUND,Figures of £880 and £937 seen on secondary sources — conflicting; confirm on GOV.UK.,,,,,
topic:graduate-visa:length:2027,1,Graduate visa (post-study work),length,2027,18 months for applications made on or after 1 January 2027 (previously 2 years),https://www.gov.uk/graduate-visa,VERIFY-ON-PAGE,"Statement of Changes 14 October 2025; applies to anyone applying from 1 January 2027, so to all 2027 entrants.",,,,,
topic:costs-2026:funding_note:2026/27,1,Other costs of studying Medicine in the UK,funding_note,2026/27,Funding for international medicine students is limited: a few universities publish small partial scholarships (for example 5% of fees); most exclude Medicine from international fee discounts,https://www.hyms.ac.uk/,VERIFY-ON-PAGE,"Examples: HYMS International Excellence Scholarship (5%, 2025 entry). Confirm each year.",,,,,
topic:costs-2026:living_costs_note:2026/27,1,Other costs of studying Medicine in the UK,living_costs_note,2026/27,University cost-of-living pages and UKCISA guidance were not reached in research,https://www.ukcisa.org.uk/,NOT_FOUND,"Gap list, research 08 §4.",,,,,
topic:ucas-2027:agent_statement:2027,1,UCAS 2027 entry,agent_statement,2027,UCAS states applicants are not disadvantaged by applying without an agent; agents may register as UCAS centres (a UK university reference is required),https://www.ucas.com/advisers/international-advisers,VERIFY-ON-PAGE,,,,,,
topic:ucas-2027:application_fee_gbp:2027,1,UCAS 2027 entry,application_fee_gbp,2027,34.5,https://www.ucas.com/undergraduate/applying-university/how-apply-undergraduate-courses,NOT_FOUND,Figure seen on secondary sources only; confirm on ucas.com.,,,,,
topic:ucas-2027:applications_open:2027,1,UCAS 2027 entry,applications_open,2027,12 May 2026,https://www.ucas.com/undergraduate/applying-university/ucas-undergraduate-when-apply,VERIFY-ON-PAGE,Adviser portal opened; students could start their applications.,,,,,
topic:ucas-2027:clearing_opens:2027,1,UCAS 2027 entry,clearing_opens,2027,2 July 2027,https://www.ucas.com/undergraduate/applying-university/ucas-undergraduate-when-apply,VERIFY-ON-PAGE,,,,,,
topic:ucas-2027:deadline_main:2027,1,UCAS 2027 entry,deadline_main,2027,"13 January 2027, 18:00 (UK time)",https://www.ucas.com/undergraduate/applying-university/ucas-undergraduate-when-apply,VERIFY-ON-PAGE,Equal-consideration deadline for most other courses.,,,,,
topic:ucas-2027:deadline_medicine:2027,1,UCAS 2027 entry,deadline_medicine,2027,"15 October 2026, 18:00 (UK time)",https://www.ucas.com/undergraduate/applying-university/ucas-undergraduate-when-apply,VERIFY-ON-PAGE,"Equal-consideration deadline for medicine, dentistry, veterinary medicine/science, and Oxford and Cambridge.",,,,,
topic:ucas-2027:document_upload:2027,1,UCAS 2027 entry,document_upload,2027,"Applicants can upload supporting documents (up to 30 files, 5 MB each) such as certificates, transcripts, translations, English certificates and passport",https://www.ucas.com/,VERIFY-ON-PAGE,New for 2027 entry.,,,,,
topic:ucas-2027:extra_opens:2027,1,UCAS 2027 entry,extra_opens,2027,25 February 2027,https://www.ucas.com/undergraduate/applying-university/ucas-undergraduate-when-apply,VERIFY-ON-PAGE,,,,,,
topic:ucas-2027:final_date:2027,1,UCAS 2027 entry,final_date,2027,23 September 2027,https://www.ucas.com/undergraduate/applying-university/ucas-undergraduate-when-apply,VERIFY-ON-PAGE,Last date to add Clearing choices.,,,,,
topic:ucas-2027:max_medicine_choices:2027,1,UCAS 2027 entry,max_medicine_choices,2027,4 of 5 choices may be medicine; the fifth must be a different course,https://www.ucas.com/undergraduate/applying-university/ucas-undergraduate-filling-your-application,VERIFY-ON-PAGE,,,,,,
topic:ucas-2027:personal_statement_format:2027,1,UCAS 2027 entry,personal_statement_format,2027,"Three structured questions, 4,000 characters in total (minimum 350 per answer)",https://www.ucas.com/undergraduate/applying-university/writing-your-personal-statement,VERIFY-ON-PAGE,Format introduced for 2026 entry and continuing for 2027.,,,,,
topic:ucas-2027:submission_opens:2027,1,UCAS 2027 entry,submission_opens,2027,1 September 2026,https://www.ucas.com/undergraduate/applying-university/ucas-undergraduate-when-apply,VERIFY-ON-PAGE,,,,,,
topic:ucat-2026:access_arrangements_deadline:2027,1,UCAT 2026 (for 2027 entry),access_arrangements_deadline,2027,"10 September 2026, 15:00 (UK time)",https://www.ucat.ac.uk/ucat/dates-and-fees/,VERIFY-ON-PAGE,Extra time or other adjustments must be approved before booking the test.,,,,,
topic:ucat-2026:booking_deadline:2027,1,UCAT 2026 (for 2027 entry),booking_deadline,2027,"16 September 2026, 15:00 (UK time); registration closes at the same time, no exceptions",https://www.ucat.ac.uk/ucat/dates-and-fees/,VERIFY-ON-PAGE,,,,,,
topic:ucat-2026:booking_opens:2027,1,UCAT 2026 (for 2027 entry),booking_opens,2027,23 June 2026,https://www.ucat.ac.uk/ucat/dates-and-fees/,VERIFY-ON-PAGE,,,,,,
topic:ucat-2026:fee_international_gbp:2027,1,UCAT 2026 (for 2027 entry),fee_international_gbp,2027,115,https://www.ucat.ac.uk/ucat/registration-booking/test-fees-bursaries/,NOT_FOUND,Seen on secondary sources; confirm on ucat.ac.uk.,,,,,
topic:ucat-2026:fee_uk_gbp:2027,1,UCAT 2026 (for 2027 entry),fee_uk_gbp,2027,70,https://www.ucat.ac.uk/ucat/registration-booking/test-fees-bursaries/,NOT_FOUND,Seen on secondary sources; confirm on ucat.ac.uk.,,,,,
topic:ucat-2026:registration_window:2027,1,UCAT 2026 (for 2027 entry),registration_window,2027,20 May – 16 September 2026,https://www.ucat.ac.uk/ucat/dates-and-fees/,VERIFY-ON-PAGE,,,,,,
topic:ucat-2026:results_to_candidates:2027,1,UCAT 2026 (for 2027 entry),results_to_candidates,2027,Candidates receive their score report shortly after the test (reported); official wording not yet located,https://www.ucat.ac.uk/ucat/dates-and-fees/,NOT_FOUND,Confirm on ucat.ac.uk before showing.,,,,,
topic:ucat-2026:results_to_universities:2027,1,UCAT 2026 (for 2027 entry),results_to_universities,2027,Early November 2026,https://www.ucat.ac.uk/ucat/dates-and-fees/,VERIFY-ON-PAGE,,,,,,
topic:ucat-2026:structure:2027,1,UCAT 2026 (for 2027 entry),structure,2027,"Verbal Reasoning, Decision Making, Quantitative Reasoning, plus the Situational Judgement Test. Abstract Reasoning was removed from 2025. Cognitive total is scored out of 2700",https://www.ucat.ac.uk/ucat/test-format/,VERIFY-ON-PAGE,Older benchmarks out of 3600 no longer apply.,,,,,
topic:ucat-2026:subtests:2027,1,UCAT 2026 (for 2027 entry),subtests,2027,Verbal Reasoning 44 questions / 22 minutes; Decision Making 35 / 37; Quantitative Reasoning 36 / 26; Situational Judgement about 69 / 26. Each cognitive subtest scaled 300–900; SJT reported in Bands 1–4,https://www.ucat.ac.uk/ucat/test-format/,NOT_FOUND,Reported by secondary sources; confirm counts and timings on the official test-format page.,,,,,
topic:ucat-2026:test_centres_nigeria:2027,1,UCAT 2026 (for 2027 entry),test_centres_nigeria,2027,"Delivered at Pearson VUE test centres; Lagos and Abuja reported as the practical options, with limited capacity",https://www.ucat.ac.uk/ucat/registration-booking/test-centres/,NOT_FOUND,Official centre list not reached in research; confirm.,,,,,
topic:ucat-2026:testing_window:2027,1,UCAT 2026 (for 2027 entry),testing_window,2027,13 July – 24 September 2026,https://www.ucat.ac.uk/ucat/dates-and-fees/,VERIFY-ON-PAGE,,,,,,
topic:student-visa:application_fee_gbp:2026,1,UK Student visa (Nigeria → UK),application_fee_gbp,2026,,https://www.gov.uk/student-visa,NOT_FOUND,Not reached in research; confirm on GOV.UK.,,,,,
topic:student-visa:dependants:2026,1,UK Student visa (Nigeria → UK),dependants,2026,Undergraduate students cannot bring dependants (rule in force since January 2024),https://www.gov.uk/student-visa,VERIFY-ON-PAGE,,,,,,
topic:student-visa:ihs_per_year_gbp:2026,1,UK Student visa (Nigeria → UK),ihs_per_year_gbp,2026,1035,https://www.gov.uk/healthcare-immigration-application/how-much-pay,VERIFY-ON-PAGE,,,,,,
topic:student-visa:maintenance_london_monthly_gbp:2026,1,UK Student visa (Nigeria → UK),maintenance_london_monthly_gbp,2026,1483,https://www.gov.uk/student-visa/money,VERIFY-ON-PAGE,"From January 2025. Reported rise to £1,570 from 30 November 2026 — not confirmed on GOV.UK.",,,,,
topic:student-visa:maintenance_outside_london_monthly_gbp:2026,1,UK Student visa (Nigeria → UK),maintenance_outside_london_monthly_gbp,2026,1136,https://www.gov.uk/student-visa/money,VERIFY-ON-PAGE,"From January 2025. Reported rise to £1,203 from 30 November 2026 — not confirmed on GOV.UK.",,,,,
topic:student-visa:tb_test:2026,1,UK Student visa (Nigeria → UK),tb_test,2026,Applicants from Nigeria must take a tuberculosis test at an approved clinic before applying,https://www.gov.uk/tb-test-visa,VERIFY-ON-PAGE,Clinic fee set by the clinic.,,,,,
topic:student-visa:work_term_time:2026,1,UK Student visa (Nigeria → UK),work_term_time,2026,Up to 20 hours per week during term time for degree-level students; full-time in vacations; no self-employment,https://www.gov.uk/student-visa,VERIFY-ON-PAGE,,,,,,
